CustomerID,Cluster,Profil,PC1,PC2
C000000,1,Petits consommateurs,-0.49120700017895114,0.35700365193440897
C000001,1,Petits consommateurs,-1.7323038617866493,-0.6976989085939501
C000002,1,Petits consommateurs,-2.1211636878911513,-0.1659395329749101
C000003,2,Clients résidentiels,0.8854410899230154,1.6447685421723692
C000004,2,Clients résidentiels,-0.7684553294554208,0.8342416527335715
C000005,2,Clients résidentiels,1.0144382126367693,0.9230111794271003
C000006,1,Petits consommateurs,-1.6682077037268284,-0.4010877641322321
C000007,0,Gros consommateurs,4.6666722085927645,-2.763023867531268
C000008,1,Petits consommateurs,-1.567166298302083,-1.302360553677821
C000009,2,Clients résidentiels,2.8943417856212896,1.3031325439861572
C000010,2,Clients résidentiels,1.6974645107310753,2.7297670089208426
C000011,2,Clients résidentiels,-0.1110754474079678,1.126292623120925
C000012,2,Clients résidentiels,0.25451744262526105,0.1039992583450872
C000013,3,Clients potentiellement à risque,-1.527221695714717,3.3360545892483744
C000014,1,Petits consommateurs,-1.4792001791929146,-1.7384251592129114
C000015,2,Clients résidentiels,1.693104706327949,1.2567379716375677
C000016,2,Clients résidentiels,0.4614695669123879,0.1589087932926314
C000017,1,Petits consommateurs,-1.7129630086350294,-0.5681220370591202
C000018,1,Petits consommateurs,-1.8637787815484361,-0.5550409020667837
C000019,1,Petits consommateurs,-1.8303557355130757,-0.4603968197511841
C000020,1,Petits consommateurs,-1.8485087319221412,-0.12362680310191611
C000021,2,Clients résidentiels,0.7842412058195435,1.161596264157919
C000022,2,Clients résidentiels,0.8221512114441756,2.3029981017273684
C000023,1,Petits consommateurs,-1.6922896871376911,-0.40115091956167875
C000024,1,Petits consommateurs,-1.6611185597484017,1.1260312117526892
C000025,0,Gros consommateurs,3.4044185928880504,0.33727483164278305
C000026,0,Gros consommateurs,4.231710448780024,-1.9104449226801572
C000027,2,Clients résidentiels,0.6800265156344375,1.0899918998519793
C000028,1,Petits consommateurs,-1.5121161028399086,-0.8894568115424292
C000029,1,Petits consommateurs,-0.6183795408025539,0.21779074836289358
C000030,2,Clients résidentiels,-0.2536313259189999,-0.03654046084585785
C000031,2,Clients résidentiels,0.9769561051793298,-0.30969155782766916
C000032,2,Clients résidentiels,1.8955716976765147,0.21744757849089763
C000033,1,Petits consommateurs,-1.6592376056855282,-1.0493035034163303
C000034,1,Petits consommateurs,-2.0970242090470914,-0.5389776882526951
C000035,2,Clients résidentiels,1.1932218251176754,0.7442677595017595
C000036,2,Clients résidentiels,1.3207964869826347,0.44853674035218966
C000037,2,Clients résidentiels,-0.5756112407027407,0.9126543636675236
C000038,1,Petits consommateurs,-1.8895125814726528,0.0018148845176878346
C000039,2,Clients résidentiels,0.19719473469385854,-0.3597190685682257
C000040,1,Petits consommateurs,-1.6913469759506232,-1.1871845869792703
C000041,1,Petits consommateurs,-0.522374768691986,0.27446893542095824
C000042,1,Petits consommateurs,-1.6389973496292203,-0.6756414569007921
C000043,1,Petits consommateurs,-1.5731713340635802,-1.328089877656557
C000044,2,Clients résidentiels,1.0198920310018416,1.3018723036969206
C000045,2,Clients résidentiels,1.3382813899793506,1.2192316692024627
C000046,1,Petits consommateurs,-1.5808503933931535,-1.1262595139216984
C000047,1,Petits consommateurs,-1.7980195567333128,-0.8535982350833432
C000048,2,Clients résidentiels,0.8512731004878714,0.17541375533268547
C000049,1,Petits consommateurs,-1.7752830601570222,-0.5786639213796112
C000050,2,Clients résidentiels,-0.07713442957906248,0.0536825837077103
C000051,2,Clients résidentiels,1.2292079930296347,1.1235679841718094
C000052,0,Gros consommateurs,4.207539316994559,-1.5703615847161192
C000053,2,Clients résidentiels,1.217135104323457,1.924644659585775
C000054,1,Petits consommateurs,-0.5255377597821755,0.2313517074209989
C000055,1,Petits consommateurs,-1.6919384819323977,-0.5393569415731374
C000056,2,Clients résidentiels,-0.3120032872963031,0.4801342119751593
C000057,2,Clients résidentiels,1.4468752371365703,1.303748505725695
C000058,1,Petits consommateurs,-1.7149787872295505,-0.836520920656199
C000059,1,Petits consommateurs,-2.300665802744283,0.09369978256068627
C000060,3,Clients potentiellement à risque,0.7199508570470445,3.452795058242328
C000061,2,Clients résidentiels,0.5392553059645049,1.712476461677407
C000062,2,Clients résidentiels,-0.2564443342061302,0.040954722566613935
C000063,2,Clients résidentiels,0.0015368380849410256,0.3752330262220554
C000064,2,Clients résidentiels,0.8355366384362052,1.0554754660637404
C000065,1,Petits consommateurs,-1.5078068104187698,-1.2960233475450411
C000066,1,Petits consommateurs,-1.8536258885105446,-0.2230621636259734
C000067,3,Clients potentiellement à risque,-1.4468774544417677,2.040802199229038
C000068,1,Petits consommateurs,-1.6625218643632238,-0.8835455900640652
C000069,2,Clients résidentiels,-0.215500115550482,0.9596286764024984
C000070,1,Petits consommateurs,-1.7633808416832282,-0.9857748449387613
C000071,0,Gros consommateurs,3.2523711239049335,0.3718591730464102
C000072,2,Clients résidentiels,0.4357151104557197,1.906999626369887
C000073,2,Clients résidentiels,-0.39820595537758285,1.0516903207514958
C000074,1,Petits consommateurs,-2.355671804893845,0.13713892523524426
C000075,2,Clients résidentiels,0.3460974796293827,0.6822533415599219
C000076,2,Clients résidentiels,1.4248295397728181,1.6905952730100655
C000077,2,Clients résidentiels,-0.19796256568090267,1.2844168006487147
C000078,2,Clients résidentiels,0.31607184052364967,1.1927351780196298
C000079,2,Clients résidentiels,0.13663876076552808,0.4422677981167287
C000080,0,Gros consommateurs,4.263943190564262,-1.739565348372165
C000081,2,Clients résidentiels,0.12351945029780825,1.3793688758530933
C000082,1,Petits consommateurs,-1.675856942925836,-0.28168255311158824
C000083,1,Petits consommateurs,-2.015610049689207,-0.0837740332844116
C000084,1,Petits consommateurs,-1.477484771225528,-1.0052533137619555
C000085,2,Clients résidentiels,0.7287200477531085,0.46439285114941153
C000086,1,Petits consommateurs,-1.4238891501055746,-1.1257672725889014
C000087,1,Petits consommateurs,-1.9120913879012373,-0.2819205500289324
C000088,2,Clients résidentiels,-0.4072866420634696,1.6569816524834728
C000089,2,Clients résidentiels,1.9858023450728812,1.19137530923266
C000090,0,Gros consommateurs,3.651382806435042,0.24784393518600886
C000091,2,Clients résidentiels,0.5911612824043362,-0.0535415821717325
C000092,1,Petits consommateurs,-2.0301830367385265,-0.020410652919509935
C000093,0,Gros consommateurs,3.8029179164898266,-0.6250506074935914
C000094,1,Petits consommateurs,-1.2969164249956597,-1.601904065314775
C000095,2,Clients résidentiels,0.08513594818242047,1.0381238720315842
C000096,1,Petits consommateurs,-2.008370164964745,-0.8745413275027012
C000097,1,Petits consommateurs,-2.0758714081609684,0.16897830729481983
C000098,1,Petits consommateurs,-1.9893633097035441,-0.5586734716199994
C000099,2,Clients résidentiels,0.15507553270635727,0.19317993478628875
C000100,1,Petits consommateurs,-1.166045200962394,-0.11487475722264218
C000101,2,Clients résidentiels,2.936783044465913,1.4543071115273314
C000102,1,Petits consommateurs,-1.859126395349501,-0.7741155595412869
C000103,0,Gros consommateurs,4.663096066013055,-2.898716862457846
C000104,1,Petits consommateurs,-2.1273770071481835,-0.5782363078449667
C000105,3,Clients potentiellement à risque,-1.7509524967414192,2.5034466207912063
C000106,1,Petits consommateurs,-1.7690418920854785,-1.1428206396338407
C000107,1,Petits consommateurs,-0.9946165135925814,0.8455885739504958
C000108,1,Petits consommateurs,-1.9483728791770523,-0.5775701235274625
C000109,1,Petits consommateurs,-1.9011806255502008,-0.14164889593441427
C000110,2,Clients résidentiels,3.2862394263229358,0.9136747202862548
C000111,1,Petits consommateurs,-1.713362597315325,-0.8017281128623399
C000112,1,Petits consommateurs,-1.6226016528568508,-0.9338078367958731
C000113,1,Petits consommateurs,-1.6462049952955518,-1.264268063271732
C000114,1,Petits consommateurs,-1.425685431343627,-0.5126202643707769
C000115,1,Petits consommateurs,-1.8310116274095916,-0.19151613720028005
C000116,2,Clients résidentiels,0.9380479405870609,1.0955021273359238
C000117,1,Petits consommateurs,-1.7802325276104658,-1.1157959444809846
C000118,2,Clients résidentiels,-0.5150985342461802,0.5453769035589309
C000119,1,Petits consommateurs,-1.7702471625673717,-0.3129874883635
C000120,1,Petits consommateurs,-1.5957892065906916,-1.4478457935086044
C000121,2,Clients résidentiels,1.647883852688211,0.9588390328829237
C000122,2,Clients résidentiels,0.9880541356105581,2.134377661037749
C000123,2,Clients résidentiels,1.2304000877897254,-0.4595652041785818
C000124,1,Petits consommateurs,-1.5893480284590749,-0.339057122788121
C000125,1,Petits consommateurs,-1.501319389871424,-0.8018849719582202
C000126,1,Petits consommateurs,-1.0549312293638098,-1.005501752647522
C000127,2,Clients résidentiels,0.6511009874301709,1.3039666868933177
C000128,0,Gros consommateurs,4.668817894140591,-2.681608070575322
C000129,2,Clients résidentiels,1.004754924500231,0.3449608541131014
C000130,2,Clients résidentiels,1.1061825310216709,0.02511888362321175
C000131,2,Clients résidentiels,0.10148887172823845,0.15586158312011422
C000132,1,Petits consommateurs,-1.4676200612069557,-0.6184267441122289
C000133,1,Petits consommateurs,-1.7652496435583604,-0.5927121314051078
C000134,3,Clients potentiellement à risque,3.485367309174997,3.3377504984604363
C000135,2,Clients résidentiels,0.21996121957329828,0.04657157008854417
C000136,0,Gros consommateurs,3.9004336361661887,-0.26952102973009046
C000137,2,Clients résidentiels,0.529127750230898,0.8486543508679879
C000138,2,Clients résidentiels,0.9238734132308901,1.2253351745253542
C000139,1,Petits consommateurs,-1.860983104267185,-0.30035122192703234
C000140,2,Clients résidentiels,0.2233238205868426,0.49370323134035216
C000141,2,Clients résidentiels,0.5514269032314252,1.6852772237971938
C000142,2,Clients résidentiels,-0.1368960230547528,1.3495976533844267
C000143,1,Petits consommateurs,-1.7820420121095772,-0.9298204905637272
C000144,3,Clients potentiellement à risque,-1.6791170111539169,0.5014064764284433
C000145,2,Clients résidentiels,0.700307646389271,0.5689189706888549
C000146,1,Petits consommateurs,-1.6756114712207684,-0.8987040805137201
C000147,2,Clients résidentiels,1.0340721819818066,1.5931107570955407
C000148,2,Clients résidentiels,0.7891288943299736,0.3747951941577913
C000149,0,Gros consommateurs,4.668817894140591,-2.681608070575322
C000150,2,Clients résidentiels,1.469921938862759,1.0952936333823708
C000151,1,Petits consommateurs,-1.7948630729030597,-0.48535797317894325
C000152,1,Petits consommateurs,-0.9264099297514107,-0.3722438113385503
C000153,1,Petits consommateurs,-1.7827768692660997,-0.3894851179493324
C000154,1,Petits consommateurs,-1.8484718005433067,-0.6079523087115759
C000155,1,Petits consommateurs,-0.46573290484169205,-0.8159930606026897
C000156,1,Petits consommateurs,-1.6219902972184315,-0.3414385029767898
C000157,1,Petits consommateurs,-1.913183962317718,-0.3011352334685566
C000158,2,Clients résidentiels,1.5424825417102448,1.4678538145555515
C000159,2,Clients résidentiels,0.9327251598587065,0.8575777485319278
C000160,1,Petits consommateurs,-1.9242543425619947,-0.3033977980181292
C000161,1,Petits consommateurs,-1.4046219616184212,-1.498673272762389
C000162,2,Clients résidentiels,-0.4172820545787883,0.44568701943476585
C000163,1,Petits consommateurs,-0.7145089981337928,0.2085172444162423
C000164,1,Petits consommateurs,-1.8949137356831647,-0.28875988228837735
C000165,1,Petits consommateurs,-1.8943957097587352,-0.6043551474101364
C000166,1,Petits consommateurs,-1.8923149479806947,-0.30601388672789026
C000167,1,Petits consommateurs,-1.7093105912809847,-1.1456163882390686
C000168,2,Clients résidentiels,-0.8069773500486973,0.6766349257973955
C000169,1,Petits consommateurs,-1.4401338831725745,-1.1871932833092986
C000170,1,Petits consommateurs,-1.7156586125552749,-0.8512704427888811
C000171,2,Clients résidentiels,-0.04361475257688756,0.3747586101019664
C000172,1,Petits consommateurs,-1.587569123619093,-0.7789106264374319
C000173,2,Clients résidentiels,1.1516190429572664,0.9835172579587339
C000174,2,Clients résidentiels,0.820041757946731,1.363563713181155
C000175,1,Petits consommateurs,-0.6272502345103268,-0.17647006462156112
C000176,1,Petits consommateurs,-1.7924275571551584,-1.1673376562810758
C000177,2,Clients résidentiels,1.8420932736534215,2.745326941179349
C000178,1,Petits consommateurs,-0.6017231529925245,-0.1473550945331977
C000179,1,Petits consommateurs,-0.4920854996682041,0.40467670433668945
C000180,1,Petits consommateurs,-1.827376862423988,-0.7826820914728465
C000181,2,Clients résidentiels,0.33875229256958217,0.7438977590529128
C000182,1,Petits consommateurs,-1.930254890109878,-0.789723560491084
C000183,1,Petits consommateurs,-0.46886981752807433,0.015413759727728092
C000184,1,Petits consommateurs,-1.758042893476234,-0.47579966582895145
C000185,1,Petits consommateurs,-1.692492275022485,-1.098452928555023
C000186,1,Petits consommateurs,-1.7171066890874962,-0.7377772978553326
C000187,1,Petits consommateurs,-1.6684425533628995,-0.364177226349291
C000188,2,Clients résidentiels,0.4245743184236094,1.075382929198394
C000189,1,Petits consommateurs,-1.3814328094580284,-0.9071205973763168
C000190,2,Clients résidentiels,0.2986565182473608,0.015573399295148211
C000191,1,Petits consommateurs,-1.6714987114772881,-0.9258441544961554
C000192,2,Clients résidentiels,1.4177432178740004,0.5396719161598676
C000193,0,Gros consommateurs,4.6616656089811705,-2.952994060428477
C000194,2,Clients résidentiels,1.6971484827457963,1.0586449538002078
C000195,2,Clients résidentiels,0.07123191602869763,1.2982264896657478
C000196,2,Clients résidentiels,0.6471636808089071,0.9921669048292568
C000197,1,Petits consommateurs,-1.5570519215205139,-0.738557840890413
C000198,1,Petits consommateurs,-1.5712072979322178,-0.4952689492993998
C000199,2,Clients résidentiels,1.3482587509459556,0.41415075328040624
C000200,1,Petits consommateurs,-1.8872399627276213,-0.8220149738998481
C000201,2,Clients résidentiels,0.5052364480074683,0.7343612551356762
C000202,1,Petits consommateurs,-0.8025931175855665,-0.7968561841628607
C000203,2,Clients résidentiels,-0.4431249012390124,0.7002567208652032
C000204,2,Clients résidentiels,0.8171402904275307,2.0121171314693833
C000205,1,Petits consommateurs,-1.832289476213681,-0.6000966637251733
C000206,2,Clients résidentiels,0.34442712938952413,1.1058231603600694
C000207,2,Clients résidentiels,0.9860952335927907,1.0316306139268707
C000208,1,Petits consommateurs,-1.7709186347324621,-0.32981210423830565
C000209,1,Petits consommateurs,-1.6197481637078879,-0.8169612829410299
C000210,2,Clients résidentiels,2.006433178520641,0.9961953592629045
C000211,0,Gros consommateurs,4.357810010273028,-2.293227299437821
C000212,1,Petits consommateurs,-1.7224569269968961,-0.5624317964400644
C000213,0,Gros consommateurs,4.660235151949287,-3.0072712583991077
C000214,1,Petits consommateurs,-1.4947475453890329,-0.7106031209997344
C000215,1,Petits consommateurs,-1.6300459034332053,-1.3222601969578112
C000216,1,Petits consommateurs,-1.4218628837809708,-1.1490690939772403
C000217,1,Petits consommateurs,-2.300878906750624,0.3072696848895747
C000218,2,Clients résidentiels,1.1692393321635066,1.38795226373724
C000219,3,Clients potentiellement à risque,-1.4941656001591284,1.4370876970288713
C000220,2,Clients résidentiels,0.02237056283246979,0.020383661828717137
C000221,1,Petits consommateurs,-1.72205333964426,-0.2011463598052965
C000222,2,Clients résidentiels,1.0386140399672807,-0.7371886589219161
C000223,2,Clients résidentiels,0.7834907167130072,1.1605358074503702
C000224,1,Petits consommateurs,-1.653907976843623,-0.8934476397592452
C000225,2,Clients résidentiels,1.6427767421569448,1.4651709218506364
C000226,1,Petits consommateurs,-0.8143940846938572,-1.2778155935061366
C000227,1,Petits consommateurs,-0.42587107470599395,-0.6560689311781743
C000228,1,Petits consommateurs,-1.4846184278178112,-1.4241276295833245
C000229,3,Clients potentiellement à risque,-1.9661902656907018,3.027863303605135
C000230,1,Petits consommateurs,-1.8753673584855879,-0.6630568593776746
C000231,1,Petits consommateurs,-0.3514643553051443,-0.10890372178217991
C000232,1,Petits consommateurs,-0.1520835769227609,-0.48209372435778125
C000233,2,Clients résidentiels,0.1850362630188416,0.4106078363935651
C000234,2,Clients résidentiels,-0.41122814743732927,0.3924894677736284
C000235,2,Clients résidentiels,1.0986985546996026,1.3617908734124635
C000236,1,Petits consommateurs,-2.0284754491798402,-0.5472612280560002
C000237,2,Clients résidentiels,0.506341839072408,-0.2823559496471659
C000238,2,Clients résidentiels,0.8702631702419771,0.93473330354691
C000239,2,Clients résidentiels,0.32508645712608064,0.06972785524867971
C000240,2,Clients résidentiels,1.493902791239674,1.045124870793848
C000241,1,Petits consommateurs,-1.5716048842780235,-0.9605151891081373
C000242,2,Clients résidentiels,-0.3182661849223852,0.27800809481700806
C000243,1,Petits consommateurs,-1.5420926689109378,0.5285331918594686
C000244,0,Gros consommateurs,4.208029780945772,-1.2614008367049518
C000245,1,Petits consommateurs,-1.817411396001039,-0.690415116570114
C000246,2,Clients résidentiels,0.21806335999447007,1.102479603952341
C000247,2,Clients résidentiels,0.565999612539175,1.465380221288895
C000248,2,Clients résidentiels,0.8171418670956635,0.619330559776347
C000249,1,Petits consommateurs,-1.4493494505218956,-1.6835041327184388
C000250,2,Clients résidentiels,-0.0049998782838407115,0.342178499503076
C000251,1,Petits consommateurs,-1.3593381137263438,-1.385579649134359
C000252,2,Clients résidentiels,1.0914868111553175,1.0747080085250902
C000253,1,Petits consommateurs,-1.3985045669187481,-0.16095561902466787
C000254,2,Clients résidentiels,3.4434717676008706,0.7082547215251853
C000255,2,Clients résidentiels,0.4965590934949947,0.6950013142382165
C000256,2,Clients résidentiels,-0.11015557710822096,-0.3111683414545135
C000257,1,Petits consommateurs,-1.7109869431060585,-0.7518132670632685
C000258,2,Clients résidentiels,0.23042585879105515,0.22531733813180904
C000259,2,Clients résidentiels,0.8478656248292198,2.038253017794555
C000260,1,Petits consommateurs,-1.926315019887951,0.05086421074884935
C000261,2,Clients résidentiels,1.2655487617229815,1.6878587132100142
C000262,2,Clients résidentiels,0.9452217507512849,0.6747875877875967
C000263,1,Petits consommateurs,-0.47239912917467,0.09503736824519556
C000264,2,Clients résidentiels,0.5159354010358762,-0.2622573751241644
C000265,2,Clients résidentiels,1.6461116622272352,-0.17528179249516757
C000266,1,Petits consommateurs,-1.6676706179262228,-0.8119448668632021
C000267,1,Petits consommateurs,-1.5186001255853248,-0.8394518413991175
C000268,1,Petits consommateurs,-1.769851512508663,-1.1881015992077844
C000269,2,Clients résidentiels,-0.04723962775146846,0.6314375375066825
C000270,2,Clients résidentiels,0.20419861940353984,0.9433568715176399
C000271,0,Gros consommateurs,4.1308614069217855,-1.287844929200493
C000272,0,Gros consommateurs,3.333741019912209,0.4061506828547704
C000273,1,Petits consommateurs,-1.649434437081951,-0.224638389601259
C000274,2,Clients résidentiels,0.7227221678805166,1.033231867144908
C000275,2,Clients résidentiels,1.5096624947995125,1.4660061877930315
C000276,1,Petits consommateurs,-0.48894454408300275,0.1659244398111623
C000277,2,Clients résidentiels,0.34296796475667257,0.8099419380757095
C000278,1,Petits consommateurs,-2.157700314278033,-0.2511047188542438
C000279,1,Petits consommateurs,-2.0495079363406408,-0.504783866971739
C000280,0,Gros consommateurs,4.673382435752761,-2.617659232786912
C000281,1,Petits consommateurs,-0.5802781464820906,0.013895324386723395
C000282,2,Clients résidentiels,1.2773027425384245,0.9559494568001738
C000283,1,Petits consommateurs,-1.708941683669809,-1.0011973502334481
C000284,2,Clients résidentiels,1.3055683800161397,1.4763011490052627
C000285,3,Clients potentiellement à risque,2.0563730190413434,5.042001095038388
C000286,2,Clients résidentiels,0.667594512700744,0.24686484507470668
C000287,1,Petits consommateurs,-0.5898395118093152,-0.31034598560477855
C000288,2,Clients résidentiels,-0.0642851698929255,0.4147843076070773
C000289,2,Clients résidentiels,1.1773977122275086,0.824741658015556
C000290,1,Petits consommateurs,-2.0961679807626568,-0.25637686197885373
C000291,1,Petits consommateurs,-1.7124763882818563,-0.7822814106701813
C000292,2,Clients résidentiels,1.0097390587424175,0.5202872805681006
C000293,2,Clients résidentiels,0.8702265545493492,2.3824037585680626
C000294,1,Petits consommateurs,-0.5407929300114377,-0.9392183440312162
C000295,2,Clients résidentiels,-0.10789165565469358,0.8487875938762961
C000296,1,Petits consommateurs,-0.09026125492676586,-1.5606262521679182
C000297,2,Clients résidentiels,0.3871649904476722,-0.3277619221678498
C000298,2,Clients résidentiels,-0.565853655632612,0.7027885077158785
C000299,2,Clients résidentiels,3.0615940866161218,0.8547971161950797
C000300,1,Petits consommateurs,-0.44680537097142514,0.20005020220579925
C000301,2,Clients résidentiels,3.13880110746355,1.90514050582364
C000302,2,Clients résidentiels,0.5803927473300928,0.6855539963396287
C000303,1,Petits consommateurs,-0.6107384435796983,-1.004391040262391
C000304,1,Petits consommateurs,-1.6644448808535388,-1.4324823377815186
C000305,1,Petits consommateurs,-2.044232103366769,0.08320999445653662
C000306,2,Clients résidentiels,1.1409497019917108,0.10757240996690035
C000307,1,Petits consommateurs,-0.619874782594099,0.11463821548847043
C000308,2,Clients résidentiels,0.3952337670005131,1.8301921455391907
C000309,1,Petits consommateurs,-0.29547696672934054,-0.10704323360453236
C000310,2,Clients résidentiels,0.9838062840113181,0.5688884105853363
C000311,2,Clients résidentiels,-0.2103538957374715,0.4156243608580816
C000312,2,Clients résidentiels,-0.3105606841928079,0.15667636744818775
C000313,3,Clients potentiellement à risque,4.034700125681716,1.3570887450521234
C000314,2,Clients résidentiels,2.958171681230334,1.5246482345769818
C000315,1,Petits consommateurs,-1.7715377503717318,-0.25039998889851134
C000316,2,Clients résidentiels,-0.10167361406118997,0.36680725384022994
C000317,2,Clients résidentiels,0.4059868836760527,2.1598846001974223
C000318,2,Clients résidentiels,0.29581389792142815,1.2724542487983272
C000319,2,Clients résidentiels,0.23546546092028478,0.47430799731953666
C000320,1,Petits consommateurs,-1.6313403682641452,-1.067691852769817
C000321,1,Petits consommateurs,-2.044031531206824,-0.06493848971389991
C000322,1,Petits consommateurs,-0.5203386685113749,-0.42673392650549996
C000323,1,Petits consommateurs,-1.5832646331312241,-0.5895933633242783
C000324,2,Clients résidentiels,1.158654737996021,1.8243337445207888
C000325,1,Petits consommateurs,-1.6945870626160857,-1.1486735585095635
C000326,2,Clients résidentiels,0.01820770869012109,-0.28040438160550674
C000327,2,Clients résidentiels,2.2821535939970587,1.830579351448122
C000328,0,Gros consommateurs,3.488177227145638,-0.02511512467627614
C000329,2,Clients résidentiels,-0.2732830300956508,1.303936563706964
C000330,2,Clients résidentiels,0.7950011283995938,1.1950862908633006
C000331,1,Petits consommateurs,-0.6121969463526732,0.4989265067644822
C000332,1,Petits consommateurs,-1.5612078583525701,-0.4704780995983194
C000333,0,Gros consommateurs,4.66524175156088,-2.817301065501899
C000334,1,Petits consommateurs,-1.4953997580679956,-0.7611118554374342
C000335,2,Clients résidentiels,-0.5514432327746498,0.8123419677924114
C000336,1,Petits consommateurs,-1.5928487725896558,-0.9214022860976799
C000337,1,Petits consommateurs,-0.11704406568007045,-0.7056257897762898
C000338,1,Petits consommateurs,-1.587229078295631,-1.2629973160758066
C000339,2,Clients résidentiels,1.0828531265192478,1.6629311148918002
C000340,1,Petits consommateurs,-0.2558903273138692,0.030696070276874328
C000341,1,Petits consommateurs,-0.7935710983496462,0.23711861779554405
C000342,0,Gros consommateurs,4.674006318101652,-2.6905317930262673
C000343,1,Petits consommateurs,-0.6787314531262031,0.26342904826466523
C000344,2,Clients résidentiels,0.784233243491187,1.51090526161718
C000345,2,Clients résidentiels,0.013674457486551703,0.27636262396639966
C000346,1,Petits consommateurs,-1.888602981880502,-0.03892934362096728
C000347,2,Clients résidentiels,0.9061056169320866,1.7778087848719053
C000348,1,Petits consommateurs,-0.23006658183374978,-0.4751861570508058
C000349,1,Petits consommateurs,-1.1324884878129868,-1.5096823775704926
C000350,3,Clients potentiellement à risque,2.120130290434996,5.218551912195707
C000351,1,Petits consommateurs,-1.775541275272812,0.000309243220283263
C000352,0,Gros consommateurs,3.9248167261224522,-0.9634422088040807
C000353,2,Clients résidentiels,1.09171946457715,1.465264964115626
C000354,2,Clients résidentiels,3.031159474002774,1.3634781781143641
C000355,1,Petits consommateurs,-1.8187443919771686,-0.22373775427970366
C000356,0,Gros consommateurs,4.657374237885519,-3.1158256543403695
C000357,1,Petits consommateurs,-1.3333047969848628,-0.07024539384584462
C000358,2,Clients résidentiels,0.566881178478175,1.2771050573924594
C000359,2,Clients résidentiels,0.14155634461911404,0.22316390636271746
C000360,2,Clients résidentiels,0.8235634304052848,-0.5647248674937634
C000361,1,Petits consommateurs,-1.6674298528133915,-1.0652186600325693
C000362,1,Petits consommateurs,-1.46366677811567,-0.817780943081187
C000363,2,Clients résidentiels,1.354467605767949,2.2440557824443026
C000364,1,Petits consommateurs,-1.4388754297039006,-1.1485030298951977
C000365,1,Petits consommateurs,-1.7729690171972945,-0.23167505755754345
C000366,2,Clients résidentiels,0.40108145686086866,0.5012067272345236
C000367,2,Clients résidentiels,1.0504798982887718,1.6801534949756816
C000368,2,Clients résidentiels,0.8402228837695623,1.2607269785118738
C000369,2,Clients résidentiels,0.740948273943572,1.0651044980972473
C000370,1,Petits consommateurs,-2.5163594736275807,0.3522496154786146
C000371,2,Clients résidentiels,2.888997739212069,1.9286491800417003
C000372,2,Clients résidentiels,0.34667927727349873,0.5392056833591228
C000373,0,Gros consommateurs,4.288619455761492,-1.5508133278301075
C000374,2,Clients résidentiels,0.9697880940079662,1.2885451940009331
C000375,1,Petits consommateurs,-1.9421820108052015,-0.8359170896063578
C000376,1,Petits consommateurs,-1.9259731536823006,-0.3675992635211175
C000377,2,Clients résidentiels,0.19286252456153882,0.21687777821086113
C000378,1,Petits consommateurs,-2.070104069042001,-0.21009051850686872
C000379,1,Petits consommateurs,-0.41265942733179034,-0.3780320511515165
C000380,2,Clients résidentiels,1.0751054016195067,-0.12553505688979358
C000381,0,Gros consommateurs,4.6566590093695766,-3.142964253325685
C000382,0,Gros consommateurs,4.67327702639303,-2.734667449198848
C000383,1,Petits consommateurs,-1.9140112602346913,-0.23666633182307564
C000384,1,Petits consommateurs,-1.7584423620118232,-0.49206144581355704
C000385,1,Petits consommateurs,-1.8659512704731533,-0.29188118205210245
C000386,2,Clients résidentiels,1.1591163780501477,0.6224446965865192
C000387,1,Petits consommateurs,-1.71252509273113,-0.6422967987986757
C000388,3,Clients potentiellement à risque,-0.8197150395087919,1.5032163645388747
C000389,2,Clients résidentiels,0.39030022204390985,1.3325251465050423
C000390,3,Clients potentiellement à risque,-1.5997378900613435,1.124204832074228
C000391,2,Clients résidentiels,-0.21074143700717493,1.3998145642508746
C000392,2,Clients résidentiels,0.13231925286709592,0.22988016076027368
C000393,1,Petits consommateurs,-1.913856186370021,0.235004687912812
C000394,2,Clients résidentiels,0.411416275038609,0.12886609142645467
C000395,1,Petits consommateurs,-1.0222572735189686,0.9450424168865419
C000396,2,Clients résidentiels,0.7852907465727752,2.249790481233009
C000397,2,Clients résidentiels,0.19483113961746876,0.8841207482430861
C000398,1,Petits consommateurs,-0.9219308179461386,-1.1613016694942153
C000399,1,Petits consommateurs,-2.1183224921589088,0.027510473769987297
C000400,2,Clients résidentiels,2.3023755076215062,2.014655617408432
C000401,2,Clients résidentiels,-0.1738987634136115,0.25351820122420515
C000402,2,Clients résidentiels,0.5866132003192452,0.434870858010569
C000403,2,Clients résidentiels,-0.10640413154426306,1.0427791713032695
C000404,1,Petits consommateurs,-2.240343784833756,-0.35487251519863344
C000405,1,Petits consommateurs,-1.7956838455556248,-0.8443055004000298
C000406,2,Clients résidentiels,3.11478531178964,0.8921540676760705
C000407,2,Clients résidentiels,-0.8592414990756775,1.033020735330215
C000408,1,Petits consommateurs,-1.7555161589343133,0.3334435208769598
C000409,2,Clients résidentiels,-0.39362418895182943,1.4625626087962964
C000410,2,Clients résidentiels,0.6289304316784032,0.9683498171900726
C000411,2,Clients résidentiels,0.7879464082217246,0.10794640722362395
C000412,1,Petits consommateurs,-1.7884681132034514,-0.8152936935949627
C000413,2,Clients résidentiels,1.5503846812896145,1.0943485038002514
C000414,2,Clients résidentiels,0.4826370752154084,0.07622378786982109
C000415,2,Clients résidentiels,1.3134819200024097,1.028510141216795
C000416,2,Clients résidentiels,-0.035272531939027386,0.36367710068568154
C000417,2,Clients résidentiels,1.037798158569998,2.5070512636124334
C000418,1,Petits consommateurs,-1.7375625916620483,-0.7802969587079917
C000419,2,Clients résidentiels,0.1443406425196783,0.33012213997392276
C000420,1,Petits consommateurs,-1.265021043353924,0.5404975849561351
C000421,1,Petits consommateurs,-1.5033285272511827,-1.5585460609511197
C000422,2,Clients résidentiels,2.9335410312344323,1.5841447169051872
C000423,2,Clients résidentiels,0.8242917452745867,1.7878123596721127
C000424,3,Clients potentiellement à risque,-1.5480971657059648,1.6613501049906985
C000425,2,Clients résidentiels,0.06124596780868822,0.5652413102634569
C000426,2,Clients résidentiels,0.5748111809599478,1.477752910587881
C000427,1,Petits consommateurs,-1.4584090196151416,0.14552707635014062
C000428,1,Petits consommateurs,-1.0374051448386956,-0.5561822433664662
C000429,1,Petits consommateurs,-1.0869961650552733,-1.0339147190245037
C000430,1,Petits consommateurs,-0.20066555018248922,-0.2027382085582432
C000431,2,Clients résidentiels,0.9985634131882207,-0.048190031817497696
C000432,1,Petits consommateurs,-1.7699195018548783,-0.44060711214980797
C000433,2,Clients résidentiels,1.3054985488102675,0.976661253313047
C000434,2,Clients résidentiels,1.34732629196749,1.4102488974794773
C000435,2,Clients résidentiels,0.8387515416531492,1.5115200579572425
C000436,1,Petits consommateurs,-0.25760849314437967,-0.38781279553812964
C000437,0,Gros consommateurs,4.2430971276729155,-1.8628794857445878
C000438,2,Clients résidentiels,0.3386410421204785,1.821117460707273
C000439,1,Petits consommateurs,-1.220733476946868,-1.7771967462602554
C000440,1,Petits consommateurs,-1.5963556968566943,-0.6709192275882867
C000441,1,Petits consommateurs,-1.5346463590912627,-1.1557188222138632
C000442,2,Clients résidentiels,0.22684462516333084,0.06280997412157406
C000443,1,Petits consommateurs,-1.6070506933438868,-0.4216068758604009
C000444,1,Petits consommateurs,-0.5332704469333548,-0.6965792988022866
C000445,1,Petits consommateurs,-0.6146509733496555,-0.2582029137131398
C000446,3,Clients potentiellement à risque,0.40600869393909844,3.8103644273573223
C000447,1,Petits consommateurs,-0.44681490145237956,0.11282170760128062
C000448,2,Clients résidentiels,1.0291054824460895,0.49427725856214283
C000449,1,Petits consommateurs,-0.4373873558290178,-0.12051215259756326
C000450,2,Clients résidentiels,1.1439593118961813,1.1593961258490595
C000451,1,Petits consommateurs,-1.8529448282413001,-0.11262199048476991
C000452,0,Gros consommateurs,4.752887416968598,-1.5496083407455805
C000453,2,Clients résidentiels,0.43448815509043787,0.6364846775571402
C000454,0,Gros consommateurs,4.655943780853635,-3.1701028523110004
C000455,1,Petits consommateurs,-1.5833845242841866,-1.1472108504655862
C000456,1,Petits consommateurs,-0.4970455659660835,0.4835466963122856
C000457,1,Petits consommateurs,-1.4320810099394912,0.22009512344959564
C000458,2,Clients résidentiels,0.10258090240109867,1.281528149424941
C000459,2,Clients résidentiels,1.0607145534414144,0.6571525729659324
C000460,2,Clients résidentiels,-0.06882883509493738,0.5631224583313283
C000461,1,Petits consommateurs,-1.6935301525755848,-0.4707652777852083
C000462,1,Petits consommateurs,-2.0435382056549667,-0.5919599993073842
C000463,2,Clients résidentiels,0.8344871291855845,1.0791128972351687
C000464,1,Petits consommateurs,-1.815287439905994,-0.5105706808283977
C000465,2,Clients résidentiels,0.3046403912967855,-0.20530064453487265
C000466,2,Clients résidentiels,1.348338781846897,0.6498783546830118
C000467,0,Gros consommateurs,4.064597071349267,-0.7079149866603724
C000468,2,Clients résidentiels,-0.3640946304310188,0.7243307697951217
C000469,0,Gros consommateurs,4.657374237885519,-3.1158256543403695
C000470,2,Clients résidentiels,2.50395612082223,2.0383303506147796
C000471,1,Petits consommateurs,-1.649884220154917,-0.6991101695008513
C000472,1,Petits consommateurs,-1.4579980783571653,0.09472149634071493
C000473,2,Clients résidentiels,1.3087966471926886,1.2933466136052179
C000474,1,Petits consommateurs,-1.8557936507593549,-0.05475023640641307
C000475,2,Clients résidentiels,0.6190037131352696,1.0643821938277516
C000476,2,Clients résidentiels,2.8925789470704313,1.9564529220740663
C000477,2,Clients résidentiels,0.8012195299752126,1.7329250169235875
C000478,2,Clients résidentiels,-0.25991197121217263,1.662077512239868
C000479,2,Clients résidentiels,0.9677133394494903,1.025243918751333
C000480,2,Clients résidentiels,0.34350764312168963,0.7088280165530317
C000481,1,Petits consommateurs,-0.4468439559259095,-0.661422759744301
C000482,1,Petits consommateurs,-1.5188036403474792,-1.4624775368703447
C000483,2,Clients résidentiels,0.9204389998980882,1.0316011738607833
C000484,2,Clients résidentiels,-0.16598862829483677,0.12581646038978897
C000485,2,Clients résidentiels,-0.31842100996391937,0.48212475484338946
C000486,2,Clients résidentiels,-0.3383283326506311,0.5781608482813635
C000487,2,Clients résidentiels,0.18847837473232507,0.25131391646661144
C000488,2,Clients résidentiels,0.904271803978412,0.735769868836854
C000489,1,Petits consommateurs,-1.8223422209965217,-0.5095878667077319
C000490,1,Petits consommateurs,-1.6434428007716404,-0.49654334851413623
C000491,1,Petits consommateurs,-1.7530786217158498,-0.944170870165044
C000492,1,Petits consommateurs,-1.5314270044137326,-1.4322968673240266
C000493,0,Gros consommateurs,4.6566590093695766,-3.142964253325685
C000494,0,Gros consommateurs,4.653798095305809,-3.2515186492669472
C000495,2,Clients résidentiels,-0.21315844997639927,0.6937410208679419
C000496,0,Gros consommateurs,4.655943780853635,-3.1701028523110004
C000497,2,Clients résidentiels,0.4437374842996777,1.1767893850537987
C000498,1,Petits consommateurs,-1.3284618709172609,-1.4501459028769377
C000499,1,Petits consommateurs,-1.6054610440099448,-0.6135866124837285
C000500,2,Clients résidentiels,1.3401940952576747,0.10068226697023759
C000501,1,Petits consommateurs,-1.4551414867532286,-1.581104261681358
C000502,2,Clients résidentiels,0.22235644000998303,0.6266362537219563
C000503,1,Petits consommateurs,-1.037978206340198,0.5232626381284379
C000504,1,Petits consommateurs,-1.7180651938453917,-0.5566438359599135
C000505,1,Petits consommateurs,-1.8628458705651232,-0.012127097742049673
C000506,2,Clients résidentiels,0.5425687307724503,1.1217472346928352
C000507,1,Petits consommateurs,-0.29788877219577664,-0.2521048337906489
C000508,0,Gros consommateurs,4.2216908716161035,-0.5185352637541646
C000509,1,Petits consommateurs,-1.4552069748531757,-1.5723135799838432
C000510,2,Clients résidentiels,0.22672953683451685,0.013427696650395246
C000511,2,Clients résidentiels,0.7125788671611598,1.3643236622365766
C000512,1,Petits consommateurs,-1.9281487129243777,-0.506711956552376
C000513,1,Petits consommateurs,-0.3753928629287869,-0.11269308354529671
C000514,1,Petits consommateurs,-0.799155380243463,-0.1072409910049455
C000515,1,Petits consommateurs,-1.8079897107960528,-0.27416384877264255
C000516,1,Petits consommateurs,-1.548532690275177,-0.617773614735839
C000517,2,Clients résidentiels,0.587224200682647,0.1451587075616465
C000518,2,Clients résidentiels,-0.5082923323827364,1.4984959535347908
C000519,1,Petits consommateurs,-2.2133201743139277,0.05376188681705206
C000520,0,Gros consommateurs,4.072497670676416,-0.6270413590920495
C000521,1,Petits consommateurs,-0.5020312868003205,-0.4396313833339215
C000522,1,Petits consommateurs,-1.4654280326873868,-1.4277201000772128
C000523,2,Clients résidentiels,-0.2536623586741909,0.18555147624846616
C000524,1,Petits consommateurs,-1.9592063909162005,-0.4800625725239151
C000525,2,Clients résidentiels,-0.04739310707484659,-0.0020938976392404175
C000526,3,Clients potentiellement à risque,-1.008677929086393,2.6107490596405527
C000527,2,Clients résidentiels,0.7827366091808035,0.9939378663103909
C000528,2,Clients résidentiels,1.624462694427604,0.44174442178755097
C000529,0,Gros consommateurs,3.3692908341491314,0.250979176218917
C000530,0,Gros consommateurs,4.320524565968131,-1.7324729210905274
C000531,1,Petits consommateurs,-0.5934992682809607,-0.08561769202227391
C000532,2,Clients résidentiels,-0.6458190271107584,0.6357416378883057
C000533,2,Clients résidentiels,1.4330682978637614,1.3716508042149052
C000534,2,Clients résidentiels,3.335057102359955,1.2507777121914463
C000535,1,Petits consommateurs,-1.5131363998782097,0.43083005285173204
C000536,2,Clients résidentiels,0.22246844485388184,0.2629415164942347
C000537,1,Petits consommateurs,-1.6128678066047242,-0.3847930662767189
C000538,2,Clients résidentiels,0.8706693661358599,0.7635418222812587
C000539,2,Clients résidentiels,1.3898855411327296,2.0682826533074086
C000540,2,Clients résidentiels,0.3184696874554592,0.8110221564051467
C000541,2,Clients résidentiels,0.34120327735723516,0.22110410097093153
C000542,2,Clients résidentiels,-0.48148973823180363,0.5038956214283289
C000543,3,Clients potentiellement à risque,0.37005541450313384,2.682534204812402
C000544,3,Clients potentiellement à risque,0.46373094771611895,4.907360849743218
C000545,1,Petits consommateurs,-1.682833920888357,-0.6265920548305438
C000546,1,Petits consommateurs,-1.2362785711260849,0.04344268212338137
C000547,1,Petits consommateurs,-2.514165131175389,0.4159477625166784
C000548,2,Clients résidentiels,-0.3738343521361306,0.1569613386522551
C000549,2,Clients résidentiels,-0.006905706418820004,-0.07588628314684169
C000550,0,Gros consommateurs,3.972395637739935,-1.1085344182949717
C000551,1,Petits consommateurs,-1.1732970836370336,1.0923719645380072
C000552,0,Gros consommateurs,4.653082866789867,-3.2786572482522627
C000553,1,Petits consommateurs,-1.7561738413878516,-0.08583605421895454
C000554,2,Clients résidentiels,0.20924972193961672,-0.10858035561144073
C000555,1,Petits consommateurs,-1.9269231063175738,-0.6680807457914696
C000556,1,Petits consommateurs,-1.430755927600432,-0.9119245566522947
C000557,1,Petits consommateurs,-2.0052093079574043,0.16193563983469686
C000558,1,Petits consommateurs,-1.3171087691996899,-1.6796297143811596
C000559,2,Clients résidentiels,1.5946379462312077,0.103822147889987
C000560,2,Clients résidentiels,0.8643615878272116,1.5534561988078175
C000561,1,Petits consommateurs,-0.7189098876729649,-0.05993359660724637
C000562,2,Clients résidentiels,0.15497168945949172,0.42476536284273014
C000563,2,Clients résidentiels,1.8371298510500866,1.1729099392892903
C000564,1,Petits consommateurs,-1.592645807697302,0.4083108610555257
C000565,1,Petits consommateurs,-0.8906043623687894,0.5004577738965089
C000566,2,Clients résidentiels,1.0492064552652105,0.7922191712359063
C000567,2,Clients résidentiels,0.7782313564179019,1.2149903045427344
C000568,2,Clients résidentiels,0.9550356654414663,0.10049126493659308
C000569,1,Petits consommateurs,-1.5445676202156684,-0.6586131882820138
C000570,2,Clients résidentiels,0.432568357726184,0.05415979957133707
C000571,0,Gros consommateurs,4.3472225178173245,-2.1549537609108365
C000572,2,Clients résidentiels,2.7970665286118015,1.6544196183270916
C000573,1,Petits consommateurs,-1.9755383108142408,-0.22350281485599152
C000574,2,Clients résidentiels,0.7906617056739378,1.2289869992249258
C000575,2,Clients résidentiels,0.023008419583685474,2.018632691725979
C000576,3,Clients potentiellement à risque,1.1305756221861307,2.4590319193191683
C000577,1,Petits consommateurs,-1.8331361546766094,-0.42062841345661306
C000578,2,Clients résidentiels,-0.1692188727667519,1.4165327202456504
C000579,1,Petits consommateurs,-0.39058760711012425,-0.6359815440312527
C000580,3,Clients potentiellement à risque,4.507451258462981,0.08236261701941652
C000581,2,Clients résidentiels,0.018659931280052756,0.4601796676317042
C000582,2,Clients résidentiels,0.7078493240468212,2.0146663599730315
C000583,1,Petits consommateurs,-1.9029181674406765,-0.6410168608752523
C000584,1,Petits consommateurs,-1.9098330246207176,0.07295090161295352
C000585,2,Clients résidentiels,0.0454768325947529,1.2495538471195122
C000586,1,Petits consommateurs,-1.3770349817792176,-0.6914294424871268
C000587,2,Clients résidentiels,-0.3511960975004457,0.20423009646833415
C000588,1,Petits consommateurs,-1.3499414453846361,-0.7862337279888478
C000589,2,Clients résidentiels,-0.3501209496303173,0.4194075486647045
C000590,0,Gros consommateurs,3.6982437125163132,0.3359549432848265
C000591,1,Petits consommateurs,-1.6692654399130094,-1.1260256073903168
C000592,1,Petits consommateurs,-0.46619587497603165,-1.0244979449137739
C000593,1,Petits consommateurs,-1.549303122412605,-1.1737689634135706
C000594,2,Clients résidentiels,-0.10349179446914704,1.8125122149831028
C000595,1,Petits consommateurs,-1.7259894770649877,-1.0096699919827452
C000596,1,Petits consommateurs,-1.2176156512083247,0.9311333524904728
C000597,1,Petits consommateurs,-0.039006822535980465,-1.319150619396581
C000598,2,Clients résidentiels,1.0583980720823778,0.37166397409577373
C000599,1,Petits consommateurs,-1.8825921160630827,-0.9405821351987872
C000600,1,Petits consommateurs,-2.291957976617976,-0.1651855142266841
C000601,1,Petits consommateurs,-0.7379916624096203,0.08719194703689186
C000602,2,Clients résidentiels,0.5162822463186062,1.0259935014624877
C000603,2,Clients résidentiels,0.24782650705421155,0.06908754469971742
C000604,2,Clients résidentiels,0.6015473115920157,1.468246450848642
C000605,1,Petits consommateurs,-2.0210117108621515,0.06356800385170439
C000606,2,Clients résidentiels,0.7601304869536224,0.9467458320900415
C000607,2,Clients résidentiels,-0.36939613176129044,0.6329443282452439
C000608,1,Petits consommateurs,-1.3279359359437777,-1.1899428680331505
C000609,2,Clients résidentiels,1.1937658629526617,0.2429164123395869
C000610,0,Gros consommateurs,3.7279583120037745,-0.478789402481588
C000611,2,Clients résidentiels,0.8946454841826759,0.8875930620854607
C000612,0,Gros consommateurs,4.658804694917403,-3.0615484563697386
C000613,2,Clients résidentiels,2.370493020541194,2.7563606938918603
C000614,1,Petits consommateurs,-1.7781030479980897,-1.1634964012641198
C000615,2,Clients résidentiels,-0.37660990811856654,0.20345624354141362
C000616,2,Clients résidentiels,0.9889163258967364,0.4795880955129352
C000617,2,Clients résidentiels,1.0098156187779275,1.4471115493040576
C000618,1,Petits consommateurs,-1.5298633456517712,0.30918265635992714
C000619,1,Petits consommateurs,-1.6152881204603962,-0.538348508782559
C000620,1,Petits consommateurs,-1.6714138666661635,-0.8293015401243488
C000621,1,Petits consommateurs,-1.7821736053685726,-0.21715245867428826
C000622,2,Clients résidentiels,1.5976146024380855,1.3791778383585815
C000623,1,Petits consommateurs,-1.7392092909146912,-0.6204696122300899
C000624,1,Petits consommateurs,-1.5331479673309694,-1.2932442700173188
C000625,0,Gros consommateurs,3.9562240137569225,-0.8884409697728566
C000626,2,Clients résidentiels,0.6969697487642856,0.486373176283626
C000627,2,Clients résidentiels,-0.29968599557526243,0.1277644028562809
C000628,2,Clients résidentiels,0.6658393297435394,1.675737690713277
C000629,2,Clients résidentiels,0.9240883569082692,1.2763058297421783
C000630,2,Clients résidentiels,0.6242162987150296,0.8836952210469511
C000631,1,Petits consommateurs,-1.8853077787786674,-0.6408741887732444
C000632,1,Petits consommateurs,-2.015742101774875,-0.6326901790323569
C000633,2,Clients résidentiels,0.3873000972724371,1.1673726071017183
C000634,1,Petits consommateurs,-0.8398042430530938,-0.6015041756477854
C000635,2,Clients résidentiels,-0.3885175800891192,0.4605768509746118
C000636,2,Clients résidentiels,-0.47281952791337534,1.016027397593724
C000637,1,Petits consommateurs,-1.489721463842302,-0.5331426153845558
C000638,1,Petits consommateurs,-1.0209329217293552,-0.6164647825945607
C000639,1,Petits consommateurs,-1.3069514256944688,-1.4249811250105962
C000640,2,Clients résidentiels,0.8366947449521653,1.35609951132004
C000641,1,Petits consommateurs,-1.7364017046826874,-0.49279138579873455
C000642,1,Petits consommateurs,-1.4917969514965557,-1.5383350833726557
C000643,1,Petits consommateurs,-1.1336341960987892,-1.0042867885425217
C000644,2,Clients résidentiels,0.12696237803817692,0.7872383906417053
C000645,2,Clients résidentiels,0.6633383331853947,-0.6016904638262695
C000646,3,Clients potentiellement à risque,-1.1023961740928585,1.5345087300815354
C000647,2,Clients résidentiels,0.3960030068742167,-0.31601757438582107
C000648,2,Clients résidentiels,-0.5037126460630672,0.7346067613570354
C000649,1,Petits consommateurs,-1.8733380661158665,-0.5210287501440201
C000650,1,Petits consommateurs,-2.1632785688800027,-0.3000079378506121
C000651,2,Clients résidentiels,0.15394397446786992,1.0668830724121938
C000652,1,Petits consommateurs,-0.612074573402577,-0.11845311976059407
C000653,1,Petits consommateurs,-1.4721259862733374,-1.0455126673194706
C000654,2,Clients résidentiels,0.22421825549447486,-0.49150836960032973
C000655,2,Clients résidentiels,0.29591767266759267,-0.6026769380334737
C000656,1,Petits consommateurs,-0.1713721665271097,-0.3959462501546914
C000657,2,Clients résidentiels,0.8782970081327589,0.37283762367663875
C000658,1,Petits consommateurs,-1.6549544030444077,-1.225455911174153
C000659,2,Clients résidentiels,1.4186432286281014,0.7442659386030663
C000660,1,Petits consommateurs,-1.6245429698566687,-0.5945812564985213
C000661,2,Clients résidentiels,0.9986735538023346,1.0364074460920965
C000662,1,Petits consommateurs,-1.5101857230268685,-1.298470419391299
C000663,1,Petits consommateurs,-1.6499900400885195,-0.5226465921703795
C000664,2,Clients résidentiels,0.23427193069697325,0.8586655195784886
C000665,2,Clients résidentiels,-0.3932073556177483,0.12372205743108113
C000666,1,Petits consommateurs,-1.5628386662827078,-0.7931510544210412
C000667,1,Petits consommateurs,-1.6946674908809631,-0.636716991418155
C000668,1,Petits consommateurs,-1.5955266934883892,-0.9514850504038789
C000669,1,Petits consommateurs,-1.9076359475203268,0.10463029070217164
C000670,2,Clients résidentiels,1.0416191226302374,0.8710967174949408
C000671,1,Petits consommateurs,-1.7651490291541607,-0.6115649448614532
C000672,2,Clients résidentiels,0.8767853708760975,-0.5701684344985188
C000673,2,Clients résidentiels,1.1921115669059776,0.16589788862753058
C000674,1,Petits consommateurs,-1.5799341296104341,-0.5595169755445809
C000675,1,Petits consommateurs,-1.9497228299070717,0.004271139029377383
C000676,3,Clients potentiellement à risque,0.08763589972341797,3.486148353207165
C000677,1,Petits consommateurs,-2.1277184021319115,0.05562477128429111
C000678,1,Petits consommateurs,-1.8429833978799848,-0.361714381723837
C000679,2,Clients résidentiels,0.5988802601325585,0.4866679736437836
C000680,1,Petits consommateurs,-1.9443517664765424,-0.7482437231257634
C000681,2,Clients résidentiels,0.01586193143798368,0.8322657887446888
C000682,2,Clients résidentiels,0.7259920338521408,0.020766339183273166
C000683,1,Petits consommateurs,-1.4334739915177723,-0.8977370361984338
C000684,3,Clients potentiellement à risque,4.077266436408061,1.4142983900690966
C000685,2,Clients résidentiels,3.4803349825601084,0.8680055084792319
C000686,1,Petits consommateurs,-0.8529146121209592,-0.19460215571122683
C000687,1,Petits consommateurs,-1.938510361356678,-0.4787473340763422
C000688,1,Petits consommateurs,-1.4243765695258015,-1.449699784552379
C000689,2,Clients résidentiels,0.8516305426648828,1.4499707111532825
C000690,0,Gros consommateurs,4.07850239656007,-1.5092457940382777
C000691,2,Clients résidentiels,-0.7894996941337404,0.7615455941318714
C000692,1,Petits consommateurs,-2.0155008464663773,-0.05256925776215086
C000693,2,Clients résidentiels,1.2437837580643123,0.7035835152856406
C000694,2,Clients résidentiels,1.0516149618897965,0.5291793841516592
C000695,2,Clients résidentiels,1.3177663134507862,1.2106202943836455
C000696,2,Clients résidentiels,0.08894564008071126,0.9455259670665299
C000697,1,Petits consommateurs,-1.5372989632484484,-0.9991833296811273
C000698,1,Petits consommateurs,-2.069200164269461,-0.13701117248746533
C000699,1,Petits consommateurs,-1.6391439846481222,-1.2461768754551494
C000700,2,Clients résidentiels,0.5238389104634561,0.9995872630915884
C000701,1,Petits consommateurs,-0.5865324082033478,0.1633782527692811
C000702,1,Petits consommateurs,-1.3563867197153885,-1.639164028991082
C000703,2,Clients résidentiels,2.1026801763547107,1.9562461501716855
C000704,1,Petits consommateurs,-1.4814685252283313,-0.8368303160362203
C000705,1,Petits consommateurs,-1.9018479426593795,-0.7803676646192584
C000706,2,Clients résidentiels,0.4073795345808076,2.2194152041439983
C000707,2,Clients résidentiels,0.3617945648032471,0.005638848964252911
C000708,2,Clients résidentiels,1.284030879867404,1.3217620816657951
C000709,0,Gros consommateurs,4.7003000177239675,-2.3102239755993716
C000710,2,Clients résidentiels,1.0133836072284854,0.7959895768917055
C000711,2,Clients résidentiels,0.685211482511455,0.74024310261489
C000712,1,Petits consommateurs,-1.6046903080628119,-0.7739674601658816
C000713,1,Petits consommateurs,-1.838456892431617,-0.28494038690315326
C000714,1,Petits consommateurs,-1.9648079584777858,-0.7479523100347039
C000715,2,Clients résidentiels,0.3132832727127945,0.9021680666316549
C000716,2,Clients résidentiels,0.11209006958006526,0.8672319331382244
C000717,2,Clients résidentiels,0.1550966437034597,-0.012979829502170042
C000718,2,Clients résidentiels,0.5386639956086601,1.5126869456961334
C000719,1,Petits consommateurs,-1.6309166529991794,0.5814636459997395
C000720,2,Clients résidentiels,0.19227193352359706,-0.5877093351316761
C000721,2,Clients résidentiels,-0.4407298426846626,0.5710714436527573
C000722,1,Petits consommateurs,-0.11325064347736684,-1.4730463622697763
C000723,1,Petits consommateurs,-1.6481263188839512,-0.9272575357907287
C000724,0,Gros consommateurs,4.673628188298817,-2.71279465076252
C000725,2,Clients résidentiels,0.6181633326544241,1.3712629476830187
C000726,2,Clients résidentiels,0.002399616280575214,0.4290500443507527
C000727,1,Petits consommateurs,-1.8897753047989037,-0.8281963341143858
C000728,1,Petits consommateurs,-1.626198139900869,-1.0349740947936217
C000729,1,Petits consommateurs,-1.950153269240287,0.011751527009512127
C000730,0,Gros consommateurs,4.108998952745882,-1.421576413522968
C000731,1,Petits consommateurs,-0.46028634390493905,-0.1921956512826833
C000732,2,Clients résidentiels,-0.010843568185094953,-0.11563929277834058
C000733,1,Petits consommateurs,-1.6764910633486696,-1.0091063380711625
C000734,1,Petits consommateurs,-1.504922779010144,-1.2610022321183902
C000735,2,Clients résidentiels,0.5872438717509223,0.16401978153528268
C000736,2,Clients résidentiels,-0.2757445384775872,0.5909420318688443
C000737,1,Petits consommateurs,-1.8177211485622278,-0.7078665443088695
C000738,2,Clients résidentiels,1.1580359606082962,0.12535494638333014
C000739,2,Clients résidentiels,1.2144278904998658,1.4497640992117338
C000740,2,Clients résidentiels,-0.7051229078610471,1.431545700807987
C000741,1,Petits consommateurs,-1.7536863363840312,0.8318112429533172
C000742,1,Petits consommateurs,-1.529563466550112,-1.0987221821806996
C000743,1,Petits consommateurs,-1.4734056849733406,-0.7939554400870146
C000744,2,Clients résidentiels,0.4470806370198182,0.8865227772235968
C000745,2,Clients résidentiels,-0.044703758585085664,0.8070626330316144
C000746,2,Clients résidentiels,0.29433841841627845,0.8153761945053591
C000747,1,Petits consommateurs,-2.500845669498173,0.5457646335409406
C000748,1,Petits consommateurs,-2.0293200913319493,-0.4740627472149512
C000749,1,Petits consommateurs,-1.8799944596170082,-0.8146883515241162
C000750,1,Petits consommateurs,-0.38461493909549466,-0.6959138721698571
C000751,1,Petits consommateurs,-1.8218821362571171,-0.16837714697550718
C000752,2,Clients résidentiels,0.8002268873942279,1.228763496401858
C000753,0,Gros consommateurs,4.310354175067228,-2.052468673222556
C000754,2,Clients résidentiels,-0.12075471938614189,0.22995619921512547
C000755,2,Clients résidentiels,0.8389416649559234,1.296457925791369
C000756,0,Gros consommateurs,4.011307680123249,-0.9388916990974238
C000757,2,Clients résidentiels,-0.3436274253737206,0.6911942348822496
C000758,2,Clients résidentiels,2.974692245533712,1.7239472222366221
C000759,0,Gros consommateurs,4.660950380465229,-2.9801326594137922
C000760,2,Clients résidentiels,1.1312601013232406,0.36991139710979537
C000761,2,Clients résidentiels,0.8812061239088279,2.972332762471895
C000762,0,Gros consommateurs,4.6716788082043585,-2.57305367463406
C000763,1,Petits consommateurs,-1.874744510157254,-0.4183613798781609
C000764,1,Petits consommateurs,-1.9299003680754052,-0.6171420664539661
C000765,2,Clients résidentiels,0.25181095515409857,0.7283853180139639
C000766,2,Clients résidentiels,1.480683744734749,1.1685432025109082
C000767,2,Clients résidentiels,0.002156858964939011,-0.4606553450261873
C000768,0,Gros consommateurs,4.310909774882402,-2.175617420321437
C000769,1,Petits consommateurs,-2.011343627074569,-0.20395856149423144
C000770,1,Petits consommateurs,-2.0639205719241014,-0.08341392206007041
C000771,0,Gros consommateurs,4.059296728873367,-1.202621561590244
C000772,1,Petits consommateurs,-1.1219663661281758,-0.40999169156327353
C000773,2,Clients résidentiels,1.1106498070415873,0.6740708081816297
C000774,1,Petits consommateurs,-1.899774400163151,-0.6348764547642646
C000775,2,Clients résidentiels,3.1520698513250305,1.9101120315698283
C000776,0,Gros consommateurs,4.557827622074484,-2.8255356333037573
C000777,2,Clients résidentiels,-0.42811117803479504,0.3559230910478423
C000778,1,Petits consommateurs,-1.173266386290822,-0.3913767768419665
C000779,2,Clients résidentiels,-0.34315134454409174,0.16551033374299018
C000780,1,Petits consommateurs,-1.7739476086348516,-0.4372867515569881
C000781,2,Clients résidentiels,0.646322922109741,0.9463138795713576
C000782,0,Gros consommateurs,4.673824493752184,-2.4916378776781136
C000783,2,Clients résidentiels,0.08511350866639456,-0.2578134589184741
C000784,1,Petits consommateurs,-1.9872582152303582,-0.35391344830803495
C000785,1,Petits consommateurs,-1.365975950663933,-1.0559292983979416
C000786,2,Clients résidentiels,1.3296156550079572,2.051084559223508
C000787,2,Clients résidentiels,-0.17791349365240114,0.6899291679427983
C000788,2,Clients résidentiels,0.019315467779178756,0.24960634449389704
C000789,1,Petits consommateurs,-1.5331072541947122,-1.4489429644437906
C000790,2,Clients résidentiels,0.8277901553167898,1.049901267388135
C000791,0,Gros consommateurs,4.660235151949287,-3.0072712583991077
C000792,1,Petits consommateurs,-1.4903625281681423,-1.2313022594100829
C000793,2,Clients résidentiels,0.4353754082897441,-0.19770425993664462
C000794,1,Petits consommateurs,-1.9871247904611429,-0.1547918661381934
C000795,1,Petits consommateurs,-1.6499915227170152,-0.5290446647587408
C000796,1,Petits consommateurs,-1.7178935010064385,-0.9576631156208665
C000797,2,Clients résidentiels,2.805005634035195,1.6476309662651645
C000798,0,Gros consommateurs,4.457757621865519,-2.5050495797579853
C000799,1,Petits consommateurs,-1.9995014685367674,-0.027555803159555234
C000800,1,Petits consommateurs,-1.5860808896617271,-0.5802034225643321
C000801,2,Clients résidentiels,-0.08439994998073748,-0.05404564982665948
C000802,2,Clients résidentiels,0.3248693711870414,-1.1160940996409001
C000803,0,Gros consommateurs,3.5688154500468525,0.4594317907282756
C000804,1,Petits consommateurs,-1.9094055401654821,-0.1951299858188306
C000805,2,Clients résidentiels,-0.3330619322588468,0.4375536160547024
C000806,2,Clients résidentiels,0.7036585121631895,0.3984179044434058
C000807,2,Clients résidentiels,-0.10000108940922874,0.25792700886037706
C000808,2,Clients résidentiels,1.6614025170722637,0.6194164332643938
C000809,1,Petits consommateurs,-1.8250372506399886,-0.30379368775006893
C000810,2,Clients résidentiels,1.706565072796326,-0.2032783777066009
C000811,0,Gros consommateurs,4.345132196965355,-2.145898427652299
C000812,2,Clients résidentiels,-0.13375907531285605,0.8480376148008433
C000813,1,Petits consommateurs,-1.0643901387924781,-1.2528950675342734
C000814,1,Petits consommateurs,-1.5506090489979005,-0.7321565052459297
C000815,1,Petits consommateurs,-1.566710234029689,-1.5107908945077688
C000816,2,Clients résidentiels,1.3903677821192262,0.9850528753406952
C000817,2,Clients résidentiels,0.47800433552417604,0.344789773966476
C000818,1,Petits consommateurs,-1.5497958136654542,0.11340193005764693
C000819,0,Gros consommateurs,4.657374237885519,-3.1158256543403695
C000820,1,Petits consommateurs,-0.5119850010056332,-0.006351793208288955
C000821,2,Clients résidentiels,0.6016047114186832,-0.521704624600598
C000822,1,Petits consommateurs,-1.6816784402491518,-0.8498064919887154
C000823,1,Petits consommateurs,-1.728592555561257,-0.693803802174187
C000824,2,Clients résidentiels,-0.4551920989260171,1.2398739595611008
C000825,1,Petits consommateurs,-1.9269449414533617,-0.31016290155097725
C000826,1,Petits consommateurs,-1.764416166388163,-0.7244574076930413
C000827,1,Petits consommateurs,-0.9787003256588724,-0.04177099833275515
C000828,0,Gros consommateurs,4.660235151949287,-3.0072712583991077
C000829,1,Petits consommateurs,-1.5042776574204577,-0.9760535518202224
C000830,2,Clients résidentiels,-0.2852008818581892,0.6933776258367957
C000831,1,Petits consommateurs,-1.7608430871331917,-0.2872368545797775
C000832,1,Petits consommateurs,-1.526642020441728,0.38599170219618306
C000833,2,Clients résidentiels,0.6649878446834154,1.7080646313693157
C000834,1,Petits consommateurs,-1.6480934521833646,-0.5095168044531349
C000835,1,Petits consommateurs,-1.6861007692421328,-1.2158300867143361
C000836,1,Petits consommateurs,-1.5195579296360506,-0.8616351156784686
C000837,2,Clients résidentiels,0.6747339354414298,0.11614689072573893
C000838,2,Clients résidentiels,-0.0915577049616946,-0.5075942134861124
C000839,1,Petits consommateurs,-0.8752730288382511,0.3241744985966011
C000840,2,Clients résidentiels,1.9377562872329757,0.5768138140098399
C000841,2,Clients résidentiels,-0.3889342954247376,0.6644573270166485
C000842,1,Petits consommateurs,-0.48691425390785575,-0.25402525860466263
C000843,1,Petits consommateurs,-0.3388936365750656,0.1549396614041441
C000844,2,Clients résidentiels,0.6073290093046858,1.891937482752091
C000845,1,Petits consommateurs,-1.6815523001561785,-0.853151492556745
C000846,2,Clients résidentiels,0.9432945134490704,-0.35861683956162776
C000847,2,Clients résidentiels,0.36700605684505616,0.34619564529566305
C000848,0,Gros consommateurs,4.671951544728561,-2.8713945476562905
C000849,1,Petits consommateurs,-1.4490346727076553,-0.7088598840105116
C000850,2,Clients résidentiels,1.371561250352637,1.0239806727708405
C000851,1,Petits consommateurs,-1.7443941346308856,-0.853469510128346
C000852,1,Petits consommateurs,-1.6941307308615767,-0.9063126955093541
C000853,0,Gros consommateurs,4.655943780853635,-3.1701028523110004
C000854,1,Petits consommateurs,-1.7296947201435333,-0.6722468721284112
C000855,1,Petits consommateurs,-1.9273832918422151,-0.33542385289357596
C000856,2,Clients résidentiels,0.5028812630911302,-0.7916817168874527
C000857,2,Clients résidentiels,0.6459398669961409,1.6845073447923815
C000858,1,Petits consommateurs,-0.46571339756376445,-0.3376155572086572
C000859,1,Petits consommateurs,-1.423796813042047,0.14106317135035137
C000860,1,Petits consommateurs,-1.5674836017236873,-0.934230120226941
C000861,1,Petits consommateurs,-1.860163602183268,-0.6625441422151203
C000862,1,Petits consommateurs,-1.738732624287855,-0.307062559165539
C000863,1,Petits consommateurs,-0.24776491229120676,-0.8056918318590224
C000864,1,Petits consommateurs,-1.6452843397898453,-0.6848381491764484
C000865,2,Clients résidentiels,0.27010855480130497,0.22689888275488154
C000866,2,Clients résidentiels,0.1106358644699797,0.20793176681356226
C000867,1,Petits consommateurs,-1.6235047029979592,-0.6765391931674338
C000868,2,Clients résidentiels,1.300641105730265,1.1558649650256612
C000869,1,Petits consommateurs,-1.7982524423843254,-0.5210680150745165
C000870,1,Petits consommateurs,-0.5660591239547655,-0.8586463423097722
C000871,1,Petits consommateurs,-0.8895426745001118,0.2767138922195212
C000872,2,Clients résidentiels,0.8586890943444084,1.4749718159135765
C000873,1,Petits consommateurs,-1.2326928504236263,0.3748431212362466
C000874,2,Clients résidentiels,2.9421484180448854,1.6772424976599027
C000875,1,Petits consommateurs,-0.36125152744984335,-0.39077069570642936
C000876,2,Clients résidentiels,0.9063221371365092,1.3907919938530147
C000877,1,Petits consommateurs,-1.4154217919223482,-1.0773436756483876
C000878,1,Petits consommateurs,-1.9446986226683833,-0.15916876993642495
C000879,2,Clients résidentiels,-0.43494854787419196,0.5628599844835932
C000880,1,Petits consommateurs,-1.8971233474745701,-0.5358844123907621
C000881,1,Petits consommateurs,-1.7316041247488405,-0.21569952297618478
C000882,2,Clients résidentiels,0.6616284061415856,0.8446970571423823
C000883,1,Petits consommateurs,-2.1043291861137967,-0.34188395290064844
C000884,2,Clients résidentiels,1.271318728361751,1.5532528533458692
C000885,2,Clients résidentiels,2.325204897178944,1.0303378026977186
C000886,1,Petits consommateurs,-1.9697172523456916,-0.6060485174022258
C000887,1,Petits consommateurs,-0.7597984105627249,0.491955042462306
C000888,2,Clients résidentiels,-0.10133444303680551,0.4934031022339101
C000889,2,Clients résidentiels,0.5432466243096332,1.8236184468472747
C000890,1,Petits consommateurs,-1.5075647791081976,-1.6343363039961283
C000891,2,Clients résidentiels,0.9898839300686616,1.6579011483663548
C000892,2,Clients résidentiels,1.3992317816442672,1.126095049831851
C000893,1,Petits consommateurs,-0.2219614550786544,-0.34003317066728517
C000894,1,Petits consommateurs,-0.46328419212245897,0.006200472467887234
C000895,1,Petits consommateurs,-1.4887997889093216,-1.4374515578592644
C000896,0,Gros consommateurs,3.9005046150302234,-0.82357058004927
C000897,1,Petits consommateurs,-1.5217767035873215,-0.5046273287954429
C000898,1,Petits consommateurs,-1.967949435248745,-0.1453628916840471
C000899,0,Gros consommateurs,4.636114683382132,-3.1704000686666656
C000900,2,Clients résidentiels,0.8922393099262683,0.5604488755647656
C000901,2,Clients résidentiels,0.13788493850549738,0.3900555925678894
C000902,1,Petits consommateurs,-0.0785492846743055,-0.7109540842563001
C000903,1,Petits consommateurs,-0.6812760763516269,0.65024289834129
C000904,1,Petits consommateurs,-1.7234498487831444,-0.26344269617630095
C000905,1,Petits consommateurs,-1.5767383607773122,-0.7211838114302282
C000906,1,Petits consommateurs,-1.7739728450759467,-0.410811071279218
C000907,0,Gros consommateurs,3.9576246052222666,0.02000747263190378
C000908,2,Clients résidentiels,-0.7025555358388021,1.2794139157154671
C000909,1,Petits consommateurs,-0.8341712315822428,0.67082828550744
C000910,2,Clients résidentiels,0.28146622701488627,0.37115287621793014
C000911,1,Petits consommateurs,-1.6330489077277774,-1.2333042052310088
C000912,1,Petits consommateurs,-0.3564660169919382,-0.31411069001685415
C000913,1,Petits consommateurs,-1.7316572637967176,-0.611386733584237
C000914,2,Clients résidentiels,0.6596413225590131,0.02558944967274896
C000915,1,Petits consommateurs,-0.5594310113738218,-0.31670905375043557
C000916,1,Petits consommateurs,-0.35045418519329646,-0.549487581289577
C000917,1,Petits consommateurs,-1.77831778594632,-0.7715128837774289
C000918,1,Petits consommateurs,-0.6003598686916789,0.36099168665332154
C000919,0,Gros consommateurs,4.014060550153055,-1.2966103185554732
C000920,3,Clients potentiellement à risque,-0.8305856608715142,3.0695689469966365
C000921,0,Gros consommateurs,3.4774749926683097,0.09595192055155123
C000922,1,Petits consommateurs,-1.8240017556045711,-0.9425392413896553
C000923,1,Petits consommateurs,-1.7952240922915446,-1.0455131394634367
C000924,1,Petits consommateurs,-1.6922287305221122,-1.0318706701171172
C000925,2,Clients résidentiels,1.5936993839439086,-0.4317671463194933
C000926,1,Petits consommateurs,-1.8625525343095084,-0.3097028506900687
C000927,1,Petits consommateurs,-0.21448917260966013,-0.8343280298328553
C000928,2,Clients résidentiels,1.131719415667901,0.2990233836698734
C000929,2,Clients résidentiels,0.7646627788884753,0.6854969578531029
C000930,1,Petits consommateurs,-1.7899155128734168,-0.7360173470325069
C000931,1,Petits consommateurs,-1.6451062471650446,-0.38262817107109093
C000932,1,Petits consommateurs,-1.7263837597581757,-0.4807239843123951
C000933,2,Clients résidentiels,0.07607403326000303,-0.005209756943820011
C000934,1,Petits consommateurs,-2.3004003180591837,0.4910738959202781
C000935,2,Clients résidentiels,-0.03497035529795888,0.18083099911967968
C000936,2,Clients résidentiels,0.010567906408938304,0.33646222728625963
C000937,0,Gros consommateurs,4.691128642049019,-2.3253217234715677
C000938,1,Petits consommateurs,-1.885049622092508,-0.30287974409458823
C000939,2,Clients résidentiels,-0.4076755237137367,0.13218041012041323
C000940,2,Clients résidentiels,-0.2043220250744805,-0.25461587302735367
C000941,2,Clients résidentiels,-0.12085225219986366,0.5376206377374463
C000942,0,Gros consommateurs,4.479152148468798,-2.338687474058274
C000943,1,Petits consommateurs,-1.8120752927160382,-0.6129673670713467
C000944,1,Petits consommateurs,-1.2986589506863842,-0.09912407285825933
C000945,2,Clients résidentiels,0.9213980658253077,1.7603236750351106
C000946,2,Clients résidentiels,0.2988844138989323,1.413792237609347
C000947,2,Clients résidentiels,1.146837983564925,1.1809485340078647
C000948,1,Petits consommateurs,-1.4950476143614402,-0.9123204776489853
C000949,1,Petits consommateurs,-1.6474061411385506,-1.0830527959054823
C000950,3,Clients potentiellement à risque,-0.9668378050335469,3.185025874668809
C000951,1,Petits consommateurs,-1.6084626439876888,-1.3714308914819604
C000952,1,Petits consommateurs,-1.6800048383714121,-0.6589328545156592
C000953,1,Petits consommateurs,-1.6573542495771947,-0.5783691550964393
C000954,1,Petits consommateurs,-1.7760679033573579,-0.6736415297819965
C000955,1,Petits consommateurs,-1.9064767261310218,-0.6265071650997024
C000956,0,Gros consommateurs,3.620507383524149,-0.16668770189983237
C000957,2,Clients résidentiels,0.4908619936089894,0.8191994856868065
C000958,2,Clients résidentiels,-0.14912471583207043,0.6322602412870353
C000959,2,Clients résidentiels,0.8798240569269032,1.7877102540791523
C000960,2,Clients résidentiels,0.21512066404092303,-0.37913198109058577
C000961,2,Clients résidentiels,1.2186860982256105,0.894733849232221
C000962,1,Petits consommateurs,-1.7663074248509791,-0.8841476900961293
C000963,2,Clients résidentiels,0.2809267274772494,0.5902988266224136
C000964,2,Clients résidentiels,-0.4504805629677908,0.8485983643633745
C000965,2,Clients résidentiels,1.466516653072835,0.5570410207767816
C000966,1,Petits consommateurs,-1.8167097240318546,-0.7602467978044001
C000967,2,Clients résidentiels,0.9093845463658912,0.29712802068146155
C000968,2,Clients résidentiels,0.5267886283028701,-0.04006123882248669
C000969,1,Petits consommateurs,-0.947971052364559,-0.29878387356819947
C000970,1,Petits consommateurs,-0.260314222178033,-0.8951042720696013
C000971,2,Clients résidentiels,0.9673473348968634,0.9406437147063548
C000972,1,Petits consommateurs,-1.6308026944329803,-0.7967811839662325
C000973,1,Petits consommateurs,-1.8245892668567139,-0.8605933909387639
C000974,1,Petits consommateurs,-0.39821744872391707,0.20955519994728727
C000975,1,Petits consommateurs,-1.3330932246537242,-1.7204020012035244
C000976,0,Gros consommateurs,4.6566590093695766,-3.142964253325685
C000977,2,Clients résidentiels,0.04649015384131152,0.56723948579886
C000978,1,Petits consommateurs,-1.6690484810264004,-1.203843837685722
C000979,1,Petits consommateurs,-2.0833411176575676,-0.16395098061855087
C000980,1,Petits consommateurs,-1.640814870037822,-0.520186996225095
C000981,3,Clients potentiellement à risque,0.28411863991948616,2.7566174235514036
C000982,0,Gros consommateurs,4.664526523044938,-2.844439664487215
C000983,0,Gros consommateurs,4.658804694917403,-3.0615484563697386
C000984,1,Petits consommateurs,-1.8871341747697317,-0.15249128558319133
C000985,1,Petits consommateurs,0.12517607328651284,-1.2715253090291563
C000986,2,Clients résidentiels,1.7183821802060866,1.404673177876443
C000987,1,Petits consommateurs,-0.6051524326431985,-0.4057589844865108
C000988,1,Petits consommateurs,-1.8090716764984363,-1.1838661400389432
C000989,1,Petits consommateurs,-1.2089390621331018,-1.8046341158535415
C000990,3,Clients potentiellement à risque,0.3419420767754685,1.5163463928352843
C000991,0,Gros consommateurs,4.655943780853635,-3.1701028523110004
C000992,1,Petits consommateurs,-2.092202289021417,-0.3906437210488351
C000993,2,Clients résidentiels,-0.11053606011725901,0.3737864664739776
C000994,1,Petits consommateurs,-0.7334731619007014,-0.990893687450325
C000995,1,Petits consommateurs,-1.3137301333058236,-0.06817748939703769
C000996,2,Clients résidentiels,0.40194966890262407,1.3992374678197137
C000997,2,Clients résidentiels,1.0077486838550573,1.16498424569079
C000998,1,Petits consommateurs,-1.6900026265274857,-0.3959000029384838
C000999,1,Petits consommateurs,-1.7000358002860074,-0.6066434898201035
C001000,2,Clients résidentiels,0.2875846872870687,-0.32984837682841517
C001001,2,Clients résidentiels,-0.07105475661419233,0.2732181028595639
C001002,1,Petits consommateurs,-1.4683473950955785,-1.1250977550005563
C001003,1,Petits consommateurs,-1.2878750226766464,-0.13268870755382117
C001004,1,Petits consommateurs,-1.4497109891327327,0.22658400546671495
C001005,1,Petits consommateurs,-1.614759252780647,-0.8101298564945453
C001006,2,Clients résidentiels,-0.14033432467459034,-0.17864711363836167
C001007,1,Petits consommateurs,-0.3449322383460097,0.30825533224160073
C001008,2,Clients résidentiels,-0.11804039355350897,0.36902441360260074
C001009,0,Gros consommateurs,4.539350011309108,-2.9292832188163764
C001010,2,Clients résidentiels,1.5066040818842403,0.3828188619370274
C001011,1,Petits consommateurs,-1.8149479309136347,-0.6397197605238073
C001012,2,Clients résidentiels,0.5188726945436629,-0.1700212852982016
C001013,1,Petits consommateurs,-1.497263582371389,-1.4066750311221325
C001014,2,Clients résidentiels,-0.22940377629667033,0.22434101610971738
C001015,2,Clients résidentiels,0.09120095482799542,0.9315123856374715
C001016,1,Petits consommateurs,-1.8423013984228505,-0.02936857651967641
C001017,1,Petits consommateurs,-1.1715786390311447,-0.8877245267982653
C001018,0,Gros consommateurs,3.8631085207114677,-0.4651051796987703
C001019,1,Petits consommateurs,-0.36828990679963286,-0.4951152289456214
C001020,1,Petits consommateurs,-1.2680816639600596,-0.3522323227940948
C001021,2,Clients résidentiels,0.27455729393611417,0.45666634845221044
C001022,2,Clients résidentiels,1.173042985888866,1.4423710147199282
C001023,0,Gros consommateurs,4.206977565634109,-1.1647866353884122
C001024,0,Gros consommateurs,4.653798095305809,-3.2515186492669472
C001025,1,Petits consommateurs,-1.2676999663619943,-1.1168298501412268
C001026,1,Petits consommateurs,-1.8834109268543224,-0.39506342377770504
C001027,2,Clients résidentiels,0.2858763488754335,1.316972347973915
C001028,2,Clients résidentiels,1.1527800652753177,1.2622515151656934
C001029,2,Clients résidentiels,0.04498140071241611,1.218249921683786
C001030,2,Clients résidentiels,1.0050478404152376,2.317313302969658
C001031,2,Clients résidentiels,0.7762442507139187,-0.2468193467069625
C001032,1,Petits consommateurs,-0.29100174023456604,-0.30529779853319416
C001033,0,Gros consommateurs,4.654513323821751,-3.2243800502816313
C001034,2,Clients résidentiels,1.3834757750017546,0.7425241985465888
C001035,1,Petits consommateurs,-1.5695230639031619,-0.6370171485068675
C001036,2,Clients résidentiels,0.5775771030815137,0.9263448454561453
C001037,3,Clients potentiellement à risque,0.8295376503710602,3.055037796679476
C001038,2,Clients résidentiels,-0.23881955445237282,0.476467119366783
C001039,2,Clients résidentiels,0.8370231670860754,0.6403557887049598
C001040,0,Gros consommateurs,3.6630791901424486,0.6247238967323182
C001041,2,Clients résidentiels,0.39155889002588873,1.632547600391227
C001042,0,Gros consommateurs,4.028999665400022,-0.7558523740286665
C001043,1,Petits consommateurs,-1.9556050329338748,-0.5227886380833089
C001044,2,Clients résidentiels,-0.5214310988389224,0.3567278870894017
C001045,3,Clients potentiellement à risque,3.531076008744686,4.556889528935931
C001046,1,Petits consommateurs,-1.6538239612095946,-1.12512800143678
C001047,2,Clients résidentiels,0.023052934926918917,0.11304190725346003
C001048,1,Petits consommateurs,-2.1363778787325542,0.12746382270237364
C001049,1,Petits consommateurs,-1.3185612394147317,-1.591845904432082
C001050,0,Gros consommateurs,4.663811294528997,-2.8715782634725304
C001051,2,Clients résidentiels,1.198279633200925,1.2829102650995952
C001052,1,Petits consommateurs,-1.4520150053964394,0.36168897879259326
C001053,2,Clients résidentiels,0.7542263113483142,1.1846739070015353
C001054,2,Clients résidentiels,0.88673007741679,1.6665921666442074
C001055,1,Petits consommateurs,-1.774021106267219,-0.9439850391755825
C001056,1,Petits consommateurs,-1.7102172483523514,0.7178933204636245
C001057,1,Petits consommateurs,-1.4970639017077263,-1.1378887806763454
C001058,2,Clients résidentiels,0.4765610147780348,1.323545688287206
C001059,1,Petits consommateurs,-0.5190510817226089,-0.1456120105983681
C001060,2,Clients résidentiels,0.5286527677247146,-0.21457576089870542
C001061,1,Petits consommateurs,-1.0273297399312695,0.08252117343778143
C001062,2,Clients résidentiels,3.5439535283978167,3.808169069997191
C001063,1,Petits consommateurs,-0.4266630276046181,-0.0974403928519559
C001064,1,Petits consommateurs,-0.7311334437761458,-0.692988226961385
C001065,1,Petits consommateurs,-1.505059902304699,-0.9646677144863021
C001066,0,Gros consommateurs,3.831419959718849,-0.5174099129377395
C001067,2,Clients résidentiels,-0.49501806280451854,0.6483757366551833
C001068,2,Clients résidentiels,0.48538138279904414,0.6155479403365147
C001069,1,Petits consommateurs,-1.6844519830919547,-0.9229535627883203
C001070,1,Petits consommateurs,-1.9816482562392663,-0.1451952985815674
C001071,0,Gros consommateurs,4.643370499071837,-2.4304960560204316
C001072,0,Gros consommateurs,3.8260608175326687,0.32028472736889896
C001073,2,Clients résidentiels,0.1584110406162486,0.48350214535724934
C001074,2,Clients résidentiels,1.2086009205119348,1.5091279604901329
C001075,2,Clients résidentiels,1.1475097547215296,0.5004003909741237
C001076,2,Clients résidentiels,0.7945667773461269,-0.10505897746503472
C001077,1,Petits consommateurs,-1.7449595946597622,-0.18639549739475547
C001078,1,Petits consommateurs,-1.3553946925431068,-1.1688388425894851
C001079,1,Petits consommateurs,-1.9266527833118374,-0.03353291890882787
C001080,1,Petits consommateurs,-2.1715428177912464,0.006845367865744472
C001081,2,Clients résidentiels,1.524344756647486,0.5757283888769704
C001082,1,Petits consommateurs,-1.6324135367096286,-1.1206630051965283
C001083,1,Petits consommateurs,-0.8929605004686022,0.8533914058655693
C001084,2,Clients résidentiels,1.046682428335508,1.034221629618707
C001085,2,Clients résidentiels,0.6566594123392242,1.756319892312828
C001086,2,Clients résidentiels,1.3765158911129958,0.3366778345587443
C001087,1,Petits consommateurs,-0.845052268062394,0.42049500438661325
C001088,2,Clients résidentiels,1.286820085815718,1.4583818915138553
C001089,1,Petits consommateurs,-0.5335258821195942,0.09727604793827314
C001090,2,Clients résidentiels,0.06122536346535004,0.19620744991577518
C001091,0,Gros consommateurs,4.655943780853635,-3.1701028523110004
C001092,3,Clients potentiellement à risque,1.126741167873332,2.8872824415642575
C001093,1,Petits consommateurs,-1.4685226558657687,-1.1742062371313429
C001094,2,Clients résidentiels,0.16945230449122087,1.0128339489236915
C001095,2,Clients résidentiels,0.46727677621857305,0.6258774608408092
C001096,1,Petits consommateurs,-2.122983137548247,0.15466222344746872
C001097,3,Clients potentiellement à risque,3.524211984549211,2.4717995078900925
C001098,2,Clients résidentiels,0.25201381960502506,1.3715059374232426
C001099,1,Petits consommateurs,-1.8053558022668326,-0.5717317518019852
C001100,3,Clients potentiellement à risque,-0.7397920647244851,2.549057209530229
C001101,2,Clients résidentiels,1.8339938667544622,1.5005761910696145
C001102,2,Clients résidentiels,0.19962242684264986,0.4663888688475865
C001103,0,Gros consommateurs,3.9674576011136145,-1.0216647604453695
C001104,1,Petits consommateurs,-1.8725194796740303,-0.10910185024288678
C001105,1,Petits consommateurs,-1.545588014704298,-1.1690766729761262
C001106,2,Clients résidentiels,0.4477932999637026,0.9876862940680939
C001107,2,Clients résidentiels,1.251912594398312,-0.36316847339148284
C001108,1,Petits consommateurs,-1.9218966229801513,-0.4222630539660483
C001109,2,Clients résidentiels,1.4294051493070128,1.576208183833685
C001110,2,Clients résidentiels,1.8686659104248686,-0.32383437361695044
C001111,0,Gros consommateurs,3.268828644488473,0.43599881442822847
C001112,1,Petits consommateurs,-1.536887606581275,-1.3515593140309228
C001113,2,Clients résidentiels,-0.28352657099327777,0.32983666454581384
C001114,2,Clients résidentiels,0.3819802847130976,0.33464098622834204
C001115,1,Petits consommateurs,-1.5310653058820147,-1.0960179585758165
C001116,1,Petits consommateurs,-1.6720656515695222,-0.3332926161817792
C001117,1,Petits consommateurs,-1.8539639023486794,-0.19852153621299493
C001118,2,Clients résidentiels,-0.3852497928414239,0.41244474227054334
C001119,0,Gros consommateurs,4.668102665624648,-2.7087466695606373
C001120,1,Petits consommateurs,-1.6555923790586804,-0.7613423268941302
C001121,2,Clients résidentiels,1.1850308781261123,1.1015879173720253
C001122,0,Gros consommateurs,4.652695816419377,-3.1032506045780206
C001123,1,Petits consommateurs,-1.5046315958451988,-0.9601339628026186
C001124,2,Clients résidentiels,-0.07127400278585486,-0.10329017880394903
C001125,1,Petits consommateurs,-0.45620146320056837,-0.16321184073110956
C001126,1,Petits consommateurs,-1.6753291213952675,-0.7932936533382242
C001127,1,Petits consommateurs,-1.8133790940069283,-0.2898973355041592
C001128,1,Petits consommateurs,-1.954162589983227,-0.10087453794423097
C001129,0,Gros consommateurs,4.670248351172474,-2.627330872604691
C001130,1,Petits consommateurs,-1.6695682347856646,-0.5100055283889873
C001131,3,Clients potentiellement à risque,-0.7587010710174387,0.8506245956345441
C001132,2,Clients résidentiels,0.6665096081052694,1.1914571554822817
C001133,1,Petits consommateurs,-1.244853128474021,-0.023909776709862503
C001134,2,Clients résidentiels,-0.7728575998265661,1.3474052241065748
C001135,2,Clients résidentiels,1.8070417244351729,0.620157811728291
C001136,0,Gros consommateurs,4.669533122656532,-2.6544694715900063
C001137,2,Clients résidentiels,0.5718232700220687,0.8644770326118272
C001138,1,Petits consommateurs,-1.804014481513882,-0.8431823988539049
C001139,2,Clients résidentiels,1.137852815542461,1.616313053071976
C001140,2,Clients résidentiels,0.1822991004437942,0.24477991272506033
C001141,1,Petits consommateurs,-1.6351561236932153,-0.42159815279749396
C001142,1,Petits consommateurs,-1.4843898344057227,-1.1795515224032294
C001143,1,Petits consommateurs,-1.5799116823765627,-0.7977580581298999
C001144,2,Clients résidentiels,-0.3654940772999685,0.5045326200101184
C001145,1,Petits consommateurs,-1.796350567725513,-0.3182526949804864
C001146,2,Clients résidentiels,-0.07586754885176063,-0.09246242941354531
C001147,1,Petits consommateurs,-0.7640103443836542,-0.38615393412132687
C001148,2,Clients résidentiels,0.09305513093300975,-0.40636112994542717
C001149,2,Clients résidentiels,1.2912536373144663,0.10692391953766664
C001150,2,Clients résidentiels,-0.3301329487853848,1.3767585180889075
C001151,1,Petits consommateurs,-0.2697633067495297,-0.6189787605497701
C001152,1,Petits consommateurs,-1.6572892030512267,-0.7020906678373741
C001153,1,Petits consommateurs,-1.5132502887729715,-1.3094257644474965
C001154,2,Clients résidentiels,0.045735846288841524,0.3678184955768405
C001155,2,Clients résidentiels,1.0642547509878486,0.753285109678744
C001156,1,Petits consommateurs,-1.9281879506718256,0.033298306234365645
C001157,2,Clients résidentiels,1.7374423263391594,0.24222581118185285
C001158,1,Petits consommateurs,-0.4258019958351391,0.25501837294438173
C001159,2,Clients résidentiels,3.4358930799343974,0.8740427413071801
C001160,1,Petits consommateurs,-1.7240107473080077,-0.5008219374295084
C001161,1,Petits consommateurs,-1.8383463389413035,1.0144003652646647
C001162,2,Clients résidentiels,0.7090676096102648,0.9136387329283241
C001163,3,Clients potentiellement à risque,-0.49699348650391506,2.012073119222718
C001164,1,Petits consommateurs,-1.6182265686763009,-0.8548143972456709
C001165,2,Clients résidentiels,0.4074295747879858,0.7694593311966796
C001166,1,Petits consommateurs,-0.6595638283592322,-0.6416596228180723
C001167,2,Clients résidentiels,0.4652245683861645,1.1925351437212468
C001168,1,Petits consommateurs,-1.5612051737407107,-1.353944139738377
C001169,1,Petits consommateurs,-2.131731549006109,-0.05860412874409204
C001170,2,Clients résidentiels,1.5029115900634415,0.3995780306930465
C001171,1,Petits consommateurs,-0.3427180423788821,0.21261431826969063
C001172,1,Petits consommateurs,-2.02935152331746,-0.5100778809614216
C001173,1,Petits consommateurs,-1.6906721296548906,-0.48296001837394625
C001174,1,Petits consommateurs,-1.760954634963898,-0.8998895056523768
C001175,1,Petits consommateurs,-1.7120701668010363,-0.9119561387289301
C001176,2,Clients résidentiels,0.6966340222628717,1.3413710245181647
C001177,1,Petits consommateurs,-2.1516102685342733,0.23911438521867395
C001178,2,Clients résidentiels,0.08513399653634594,-0.1562329132363835
C001179,1,Petits consommateurs,-1.6210142738509545,-1.0984347245308073
C001180,2,Clients résidentiels,0.15680284052039253,0.21408984985156923
C001181,0,Gros consommateurs,3.6573193560686326,0.330166549135285
C001182,0,Gros consommateurs,4.0364736667260805,-1.394800312901027
C001183,2,Clients résidentiels,0.19541348631543992,-0.5820431812034159
C001184,1,Petits consommateurs,-2.196110718221574,-0.17082677292940673
C001185,1,Petits consommateurs,-1.3937156713796275,-1.3419257632868429
C001186,1,Petits consommateurs,-0.6755495274410359,-1.7562374416932547
C001187,2,Clients résidentiels,3.2263769563507823,1.4415923102434958
C001188,1,Petits consommateurs,-0.5519750427531382,-0.5067526026640449
C001189,1,Petits consommateurs,-1.7368905462082869,0.9126957306061985
C001190,1,Petits consommateurs,-1.9357896680180378,-0.4577683881975591
C001191,0,Gros consommateurs,4.6716788082043585,-2.57305367463406
C001192,1,Petits consommateurs,-1.9674641317661152,-0.5230499561620685
C001193,1,Petits consommateurs,-1.79976454597328,-0.09402554457324645
C001194,2,Clients résidentiels,0.7680518755120722,0.15009145290420453
C001195,1,Petits consommateurs,-1.8064144129992294,-0.7346218249107942
C001196,2,Clients résidentiels,-0.46071022212909435,0.5763023961633196
C001197,0,Gros consommateurs,4.658804694917403,-3.0615484563697386
C001198,1,Petits consommateurs,-1.8572899262689702,-0.40451935640768627
C001199,2,Clients résidentiels,-0.16022516364337697,0.7024860923537359
C001200,2,Clients résidentiels,0.4218203672982364,0.7165618202692423
C001201,2,Clients résidentiels,0.20592716345195627,0.724449651356043
C001202,2,Clients résidentiels,0.959485558037628,-0.17473002128750303
C001203,3,Clients potentiellement à risque,-0.7682335532923876,2.7441316854869373
C001204,1,Petits consommateurs,-2.030634288276241,-0.36210799399773447
C001205,1,Petits consommateurs,-1.7662390028681063,-0.4250659733520679
C001206,2,Clients résidentiels,0.8080132167795515,1.5252652745429571
C001207,3,Clients potentiellement à risque,0.22571143537174404,4.1614435406651005
C001208,1,Petits consommateurs,-0.24915125842263,-0.19721694612720195
C001209,1,Petits consommateurs,-1.695293845806259,-0.8816344645785856
C001210,1,Petits consommateurs,-0.7139188823824905,-0.6675759132468446
C001211,1,Petits consommateurs,-1.705291482681559,-0.9026968257478495
C001212,2,Clients résidentiels,0.8951771588233879,0.5338463574499753
C001213,1,Petits consommateurs,-1.5024857947424488,-0.6771085992320719
C001214,0,Gros consommateurs,4.6723940367203,-2.5459150756487445
C001215,2,Clients résidentiels,1.3608571923002795,-0.227550812604895
C001216,2,Clients résidentiels,1.0704360033125608,-0.36125117788376204
C001217,2,Clients résidentiels,0.4555192077583249,0.5784767474948732
C001218,2,Clients résidentiels,1.3083355933391954,1.4402484840872634
C001219,1,Petits consommateurs,-1.8134434789779057,-0.9588464417215282
C001220,1,Petits consommateurs,-1.6778962479905968,-1.1435018322787573
C001221,2,Clients résidentiels,1.3370562483980433,0.018943801677345388
C001222,2,Clients résidentiels,-0.831412323589718,1.5446025873990124
C001223,1,Petits consommateurs,-1.4295237774129494,-1.6566093103819466
C001224,2,Clients résidentiels,-0.304607744190649,0.48800183600367997
C001225,2,Clients résidentiels,0.6351338376414419,1.3545859149518606
C001226,1,Petits consommateurs,-1.5482822224135728,-0.9376133784569992
C001227,1,Petits consommateurs,-1.6308739518266582,-1.3486086931134778
C001228,0,Gros consommateurs,4.392153219219098,-2.184273407546163
C001229,2,Clients résidentiels,1.1662129255461642,1.1462453668244266
C001230,1,Petits consommateurs,-0.3702588339899723,-0.06372377436827925
C001231,1,Petits consommateurs,-0.9098800993129862,0.3358322553741812
C001232,2,Clients résidentiels,1.466780025447155,0.2811769621025592
C001233,2,Clients résidentiels,1.5185451742529132,1.2977561481954702
C001234,1,Petits consommateurs,-1.6099864317876764,-0.8439731503658214
C001235,1,Petits consommateurs,-1.8615112413917532,-0.5071756259185066
C001236,2,Clients résidentiels,0.7446733279742963,0.6398397543863662
C001237,2,Clients résidentiels,1.1552813456609137,0.4624237969049352
C001238,3,Clients potentiellement à risque,-0.45652171808974834,2.4994462231992367
C001239,2,Clients résidentiels,-0.18755119314945742,-0.2288795407251841
C001240,1,Petits consommateurs,-1.6823471355722819,-0.3537210964410472
C001241,0,Gros consommateurs,3.9654383490814173,-0.5652077672016815
C001242,1,Petits consommateurs,-1.375891561798106,-1.510260098867212
C001243,1,Petits consommateurs,-0.2210456537848275,-1.3307425711459537
C001244,1,Petits consommateurs,-0.3767006220520022,-0.4493808822753389
C001245,1,Petits consommateurs,-1.98659993999043,-0.36925377786477204
C001246,0,Gros consommateurs,4.094730751428563,-1.2393255042326417
C001247,1,Petits consommateurs,-1.673672125399222,-0.5696856931306915
C001248,2,Clients résidentiels,0.6002506608145894,0.01803574048695245
C001249,2,Clients résidentiels,-0.9273048408809708,1.163929126865555
C001250,0,Gros consommateurs,4.309557689353804,-1.8073096211955642
C001251,2,Clients résidentiels,-0.027828564075883383,0.6386821325243415
C001252,1,Petits consommateurs,-1.427132809959654,-1.0525951932364366
C001253,2,Clients résidentiels,0.25427184848244233,0.32883011606595425
C001254,2,Clients résidentiels,1.1287310006976654,1.6337533235734567
C001255,1,Petits consommateurs,-1.585059514151786,-0.8475435831174316
C001256,1,Petits consommateurs,-1.3511100967786782,-1.463816298567461
C001257,1,Petits consommateurs,-1.9397612282647165,-0.5240835629803436
C001258,2,Clients résidentiels,0.7407854645128346,1.4240541406706984
C001259,2,Clients résidentiels,2.7190756408183256,2.0594376266947525
C001260,0,Gros consommateurs,4.659519923433344,-3.034409857384423
C001261,1,Petits consommateurs,-1.8400874628702453,-0.3245919040144541
C001262,1,Petits consommateurs,-0.7598810686295843,0.25860307194875604
C001263,1,Petits consommateurs,-0.7405244980689936,0.1272975699730464
C001264,2,Clients résidentiels,1.0762934314022745,1.7593484358271165
C001265,1,Petits consommateurs,-1.8882054306579739,-0.36020995334868244
C001266,0,Gros consommateurs,3.979126689595554,-0.39318451562963663
C001267,1,Petits consommateurs,-1.537234314749513,0.4430789246879635
C001268,2,Clients résidentiels,-0.34410848474326633,0.8541961617775862
C001269,2,Clients résidentiels,1.202279380965112,0.7722357818560278
C001270,1,Petits consommateurs,-0.7324474443061645,-0.7285368301905631
C001271,2,Clients résidentiels,-0.004242846686462699,-0.3602793938373111
C001272,1,Petits consommateurs,-1.7889820285511293,-0.3344567027007106
C001273,2,Clients résidentiels,1.7808951429216202,0.4947074130663582
C001274,2,Clients résidentiels,0.4556864197694962,0.4816981216583926
C001275,1,Petits consommateurs,-1.8610777848021298,-0.3091285170512991
C001276,1,Petits consommateurs,-2.1248491277216033,0.2907068336553109
C001277,1,Petits consommateurs,-0.3608228418917598,-0.09939647725886473
C001278,2,Clients résidentiels,-0.09290992447286589,0.46603714297493926
C001279,1,Petits consommateurs,-1.574129698670882,-0.8003298806308387
C001280,1,Petits consommateurs,-0.8923367772497296,-0.03516361704904735
C001281,1,Petits consommateurs,-1.6004499702201413,-0.4198510234528248
C001282,1,Petits consommateurs,-1.5446670976046544,-0.689433039655313
C001283,2,Clients résidentiels,0.25296570081885134,0.45994622993737017
C001284,2,Clients résidentiels,1.4530410436663137,0.789855880715112
C001285,2,Clients résidentiels,2.913857330571437,1.8669128502839218
C001286,2,Clients résidentiels,0.2567421954010002,1.9921249765289994
C001287,1,Petits consommateurs,-0.8348965530578065,0.2903236905658416
C001288,1,Petits consommateurs,-1.7223338739636096,-0.3094054194159042
C001289,2,Clients résidentiels,-0.2765268388254441,0.44868373158357
C001290,1,Petits consommateurs,-0.37444732543952564,0.07404114172675666
C001291,2,Clients résidentiels,0.5674575064956208,1.4435025284484695
C001292,1,Petits consommateurs,-1.856910652460019,-0.13950799496941496
C001293,2,Clients résidentiels,0.9319246089978773,0.6689874041522857
C001294,1,Petits consommateurs,-1.4698629558101601,-0.9238125447327707
C001295,1,Petits consommateurs,-1.5649068060108253,-0.8011908713942902
C001296,3,Clients potentiellement à risque,-0.5999500682646873,1.9717891019890952
C001297,1,Petits consommateurs,-1.8245639748282065,-0.6685598422017971
C001298,1,Petits consommateurs,-1.7699258731888754,-0.35294276884495357
C001299,1,Petits consommateurs,-1.6817876222988946,-0.7865897631384723
C001300,2,Clients résidentiels,1.069040484859889,1.1831137541593892
C001301,0,Gros consommateurs,4.676747196449951,-2.9363802125680563
C001302,1,Petits consommateurs,-1.5289480478012383,-0.9513548491306836
C001303,1,Petits consommateurs,-1.414676969289441,-1.1552080645764913
C001304,2,Clients résidentiels,0.0545979627179259,0.04577012340270768
C001305,1,Petits consommateurs,-0.6762653793828666,0.2183116000695544
C001306,1,Petits consommateurs,-1.7580826471232822,-0.3215890526633476
C001307,1,Petits consommateurs,-1.6417631563891626,-0.8188644261772207
C001308,1,Petits consommateurs,-1.779961662304648,-0.8885248991036737
C001309,2,Clients résidentiels,-0.6961230819086126,0.8029543180026448
C001310,1,Petits consommateurs,-1.0215411225424378,0.19145282105746017
C001311,1,Petits consommateurs,-1.6066067310369878,-0.7438152581325398
C001312,2,Clients résidentiels,3.0498935785274535,0.863239231484143
C001313,1,Petits consommateurs,-2.013479685648014,-0.5851004259853859
C001314,2,Clients résidentiels,0.0031301877773588335,0.7766693847206346
C001315,3,Clients potentiellement à risque,-0.08451443582528126,3.6002006283531918
C001316,1,Petits consommateurs,-1.30545129293569,0.15217184374956022
C001317,0,Gros consommateurs,3.762709845368399,-0.04127847835076709
C001318,2,Clients résidentiels,0.8710181365239221,0.7316480485190715
C001319,0,Gros consommateurs,4.6566590093695766,-3.142964253325685
C001320,1,Petits consommateurs,-1.6009155099494756,-1.2669036687983821
C001321,1,Petits consommateurs,-1.585784251953336,-1.163275171063001
C001322,1,Petits consommateurs,-1.1983360803188319,-1.9544832508638472
C001323,1,Petits consommateurs,-1.44666629545753,-1.3196138031673108
C001324,1,Petits consommateurs,-1.440051052790204,0.14303172794614924
C001325,2,Clients résidentiels,0.4594846466095682,0.4535603583812501
C001326,1,Petits consommateurs,-1.3608425290061326,-1.8088568804066874
C001327,2,Clients résidentiels,2.9219883838967777,2.3142806800268785
C001328,1,Petits consommateurs,-0.9235203850540388,-0.10943275914242002
C001329,1,Petits consommateurs,-1.5205389312820319,-0.9075289309083138
C001330,2,Clients résidentiels,0.9198239962412333,0.9590423411648816
C001331,1,Petits consommateurs,-1.7171940362499007,-1.19193014228398
C001332,2,Clients résidentiels,2.9940029260858663,1.945959382877234
C001333,2,Clients résidentiels,0.7208983178290429,1.4501574457262798
C001334,2,Clients résidentiels,-0.23543876842117417,1.297631048621864
C001335,1,Petits consommateurs,-0.5757690137353604,-1.0027303144280535
C001336,1,Petits consommateurs,-1.900801650781907,-0.08746934317137342
C001337,2,Clients résidentiels,0.18172122466278276,0.35229453151504375
C001338,2,Clients résidentiels,1.042853528256398,0.6558178026917175
C001339,1,Petits consommateurs,-1.7292916692468379,-0.255483036713793
C001340,1,Petits consommateurs,-1.7516926525914314,-0.7090862815965218
C001341,2,Clients résidentiels,0.4861773462870272,0.9875717576294274
C001342,2,Clients résidentiels,0.8071015719297865,0.785306449629114
C001343,2,Clients résidentiels,0.563741854768217,0.14003911437893182
C001344,2,Clients résidentiels,-0.0012278298084592118,0.9182981328282678
C001345,1,Petits consommateurs,-1.8140807733644286,-1.0644305189927403
C001346,2,Clients résidentiels,0.0912482321894169,1.211425785603036
C001347,2,Clients résidentiels,-0.753342560401284,1.9988513803306212
C001348,1,Petits consommateurs,-0.23299217966494945,-0.1720883794299834
C001349,2,Clients résidentiels,0.7846705158974625,1.6536067097598621
C001350,1,Petits consommateurs,-1.939498391683572,-0.6056602840554838
C001351,2,Clients résidentiels,1.519172738616999,0.9933318765486052
C001352,2,Clients résidentiels,0.9112330820600019,0.6491938157549876
C001353,2,Clients résidentiels,1.6065616320206315,-0.696600829561094
C001354,2,Clients résidentiels,0.7550216002148367,0.8136236015685869
C001355,1,Petits consommateurs,-1.5161141268655722,-1.4911789127575823
C001356,2,Clients résidentiels,-0.02781016967273859,1.576770417431577
C001357,1,Petits consommateurs,-0.9404234189006336,-1.5613706036574868
C001358,2,Clients résidentiels,0.5798107035581294,0.2866735552959057
C001359,2,Clients résidentiels,0.8200689823008583,1.1240300793911462
C001360,2,Clients résidentiels,0.852714266954792,1.907217870400381
C001361,1,Petits consommateurs,-1.6213720590589638,-0.8979552228315774
C001362,1,Petits consommateurs,-1.39361636977599,-1.5861273045207434
C001363,1,Petits consommateurs,-0.6290217513184307,-1.0902050530569007
C001364,0,Gros consommateurs,4.278746821568212,-1.988074119351734
C001365,1,Petits consommateurs,-1.997235876195773,-0.48092079992715886
C001366,1,Petits consommateurs,-0.15196307888846275,-0.6863332003830495
C001367,2,Clients résidentiels,3.550160293443015,0.868129973560884
C001368,1,Petits consommateurs,-1.5273761179280223,-1.3313017977449901
C001369,2,Clients résidentiels,1.50572424185196,1.4905065435532623
C001370,1,Petits consommateurs,-1.9649311336393294,-0.34523365221421914
C001371,1,Petits consommateurs,-1.741257735436099,-0.7606222547450526
C001372,1,Petits consommateurs,-1.8832492849641267,-0.4090756293977087
C001373,1,Petits consommateurs,-0.44152548268000863,-0.23112417808141014
C001374,2,Clients résidentiels,1.1970687517763432,0.8501986616046122
C001375,2,Clients résidentiels,0.9965967481076016,1.2608777070870258
C001376,0,Gros consommateurs,4.658804694917403,-3.0615484563697386
C001377,2,Clients résidentiels,-0.7945834090553764,0.9866285029400382
C001378,2,Clients résidentiels,-0.6541797315009097,0.9607810319386536
C001379,1,Petits consommateurs,-1.5557326682040353,-1.4782705571637733
C001380,1,Petits consommateurs,-1.8438501028574474,-0.49736507563708454
C001381,1,Petits consommateurs,-1.7479603277718159,-0.7960850765971695
C001382,1,Petits consommateurs,-1.6438981024501762,-1.42141781837787
C001383,2,Clients résidentiels,1.6182714425298808,0.5116252228941764
C001384,1,Petits consommateurs,-2.1310270452009274,-0.5739363916869981
C001385,2,Clients résidentiels,0.777124626700387,1.9136429864331412
C001386,1,Petits consommateurs,-1.7672024694091413,-0.6053215954677058
C001387,1,Petits consommateurs,-2.070284726603215,0.30535567821365384
C001388,2,Clients résidentiels,-0.25032837137604613,1.0391815395422883
C001389,2,Clients résidentiels,1.521410511786067,0.605518193516461
C001390,1,Petits consommateurs,-0.12793212036224266,-0.257563325899218
C001391,1,Petits consommateurs,-2.4615886034959247,0.7644913220481534
C001392,1,Petits consommateurs,-2.6802831637619766,0.6140433802241736
C001393,2,Clients résidentiels,0.19315720320850546,0.7694151170390053
C001394,1,Petits consommateurs,-1.5394576484163978,-1.2970735383001841
C001395,0,Gros consommateurs,3.6501700867063174,-0.04611440063106968
C001396,1,Petits consommateurs,-2.122857376708234,-0.15447617755950924
C001397,2,Clients résidentiels,1.0463187523703403,0.6612131990921282
C001398,1,Petits consommateurs,-1.6891439470561074,-1.0425862155206351
C001399,2,Clients résidentiels,0.9080029109911071,0.0032581852652228582
C001400,1,Petits consommateurs,-2.0908890309612733,-0.3653986774586513
C001401,2,Clients résidentiels,1.4511740032766824,1.3076073343401955
C001402,1,Petits consommateurs,-1.8183682440249682,-0.29556212084823286
C001403,2,Clients résidentiels,1.3968059190605304,1.1431817535531348
C001404,2,Clients résidentiels,-0.2920363447432029,1.462115188917213
C001405,1,Petits consommateurs,0.48463658310716934,-1.3711306894830497
C001406,2,Clients résidentiels,-0.8840928674961133,2.028008935025597
C001407,2,Clients résidentiels,0.15178881830230795,0.38655852257103834
C001408,2,Clients résidentiels,1.3752101032302697,1.161125740999502
C001409,1,Petits consommateurs,-1.7202648639581484,-1.0681912567314464
C001410,2,Clients résidentiels,-0.6449145359442965,0.9715556955137195
C001411,2,Clients résidentiels,1.147650130234317,0.24351685273081228
C001412,1,Petits consommateurs,-1.583113883798697,-0.4543754259705117
C001413,2,Clients résidentiels,2.251572189535011,2.70193096246568
C001414,1,Petits consommateurs,-1.750064640979867,-1.1673862575046483
C001415,2,Clients résidentiels,3.7077583867514994,2.0012599309621915
C001416,2,Clients résidentiels,-1.1157082747386484,1.7398598079090288
C001417,0,Gros consommateurs,3.783039565407066,0.2196567682336982
C001418,1,Petits consommateurs,-1.5619292685807957,-1.358981448751937
C001419,1,Petits consommateurs,-1.7390850448260804,-0.5600437907206278
C001420,2,Clients résidentiels,-0.10465557872970777,0.13540362205152945
C001421,2,Clients résidentiels,1.0663392116609667,-0.08247641421180989
C001422,1,Petits consommateurs,-1.7913896153508677,-0.5421824493414615
C001423,2,Clients résidentiels,1.4969056114498116,1.738153193893864
C001424,0,Gros consommateurs,4.6666722085927645,-2.763023867531268
C001425,2,Clients résidentiels,0.5449728964508848,0.7063702818388913
C001426,1,Petits consommateurs,-1.1876192244591623,-1.7424600128323746
C001427,1,Petits consommateurs,-1.5229043842653267,-0.794389675932549
C001428,1,Petits consommateurs,-1.7472791231534313,-1.224436208283673
C001429,1,Petits consommateurs,-1.6963730842715254,-0.981965572968348
C001430,2,Clients résidentiels,0.7341091266378098,1.1853299003163185
C001431,2,Clients résidentiels,-0.019111023431075475,-0.09716807364660589
C001432,1,Petits consommateurs,-1.5023504843358029,0.2502671210365636
C001433,0,Gros consommateurs,3.6200578340196907,-0.1244602917685961
C001434,0,Gros consommateurs,3.6469685596643804,0.1681304794725169
C001435,2,Clients résidentiels,-0.26545886055138546,1.4247360686191315
C001436,1,Petits consommateurs,-1.7255019972855623,-0.5096782390513764
C001437,2,Clients résidentiels,0.17047171284159388,0.2737114437427451
C001438,2,Clients résidentiels,0.003806404727672225,1.1873837056671923
C001439,0,Gros consommateurs,4.03027174748024,-1.3817591978164558
C001440,1,Petits consommateurs,-1.551304097501109,-0.9432647779427441
C001441,2,Clients résidentiels,0.7447718723429458,2.926853513048444
C001442,0,Gros consommateurs,4.653082866789867,-3.2786572482522627
C001443,2,Clients résidentiels,0.8953441277091568,0.9018604849390496
C001444,2,Clients résidentiels,0.11835051589114065,0.08442076390469436
C001445,0,Gros consommateurs,4.128217616663205,-1.1002793153784338
C001446,0,Gros consommateurs,4.653082866789867,-3.2786572482522627
C001447,1,Petits consommateurs,-1.432141946943978,-1.2645159098044485
C001448,2,Clients résidentiels,0.6118558921001439,0.7728167736196568
C001449,0,Gros consommateurs,4.472026222502272,-2.602383256032186
C001450,2,Clients résidentiels,2.8012098631110782,2.8898587813996257
C001451,1,Petits consommateurs,-1.774418411995339,-0.15195449401783057
C001452,0,Gros consommateurs,3.785531598015416,-0.3110670081937457
C001453,2,Clients résidentiels,1.2383587768555344,1.6762295593180265
C001454,1,Petits consommateurs,-0.601117005140887,0.3442408911786633
C001455,1,Petits consommateurs,-1.3770642938446234,-1.7538395989565927
C001456,2,Clients résidentiels,1.2801387494080412,0.5017665498435647
C001457,2,Clients résidentiels,0.8321089268378913,1.0036920597560157
C001458,2,Clients résidentiels,0.5480327773364811,1.0284146064755455
C001459,2,Clients résidentiels,0.8168735281350167,1.1067112144256175
C001460,1,Petits consommateurs,-1.8335682751029898,-0.8867172601200973
C001461,2,Clients résidentiels,-0.39395734592916487,1.4416054296223262
C001462,1,Petits consommateurs,-1.5933120214237542,-1.4887123841928147
C001463,1,Petits consommateurs,-1.4665439040381407,-1.013786562945381
C001464,1,Petits consommateurs,-1.900512916196985,-0.7084729386604958
C001465,1,Petits consommateurs,-1.5188826789931367,-0.8642644447536306
C001466,1,Petits consommateurs,-2.1174072864376816,-0.5025898193045256
C001467,1,Petits consommateurs,-1.4187440541280687,-1.7347926719770337
C001468,2,Clients résidentiels,2.8241150835498225,1.0503371431337178
C001469,0,Gros consommateurs,4.665956980076823,-2.7901624665165836
C001470,2,Clients résidentiels,2.7169236385304507,1.9628940383016358
C001471,2,Clients résidentiels,-0.36740604623164275,0.2914209717788598
C001472,2,Clients résidentiels,3.066481879486574,1.7087821616715169
C001473,2,Clients résidentiels,0.8210161707654423,1.4035075088761213
C001474,2,Clients résidentiels,0.7967752532767335,1.69813232349507
C001475,1,Petits consommateurs,-2.1795833065506454,-0.3526171315954646
C001476,2,Clients résidentiels,0.8651264114546707,2.03581536466039
C001477,2,Clients résidentiels,-0.08172733631058,0.334268387205007
C001478,1,Petits consommateurs,-1.6651304119119197,-1.2591031591987336
C001479,1,Petits consommateurs,-1.424296889100893,-0.7944757870640837
C001480,2,Clients résidentiels,1.3910503883512417,1.3518876595609175
C001481,1,Petits consommateurs,-2.050893459074863,0.17382476151669735
C001482,2,Clients résidentiels,-0.09001983791201634,0.768419695595418
C001483,0,Gros consommateurs,3.8126157159120004,-0.5426215924943433
C001484,2,Clients résidentiels,0.2961627534646,-0.4337214315183213
C001485,1,Petits consommateurs,-1.2125151399433542,-0.8221862027010676
C001486,1,Petits consommateurs,-1.983406799982082,-0.44534269790783276
C001487,2,Clients résidentiels,2.8721427993544997,1.2649844573435534
C001488,1,Petits consommateurs,-1.126064286587012,0.06529372550381637
C001489,0,Gros consommateurs,4.658089466401461,-3.088687055355054
C001490,1,Petits consommateurs,-0.3992456260796645,-0.6890711146825306
C001491,1,Petits consommateurs,-1.8498389352162719,-0.5082354776441006
C001492,0,Gros consommateurs,3.817199087197971,-0.15901621329519947
C001493,2,Clients résidentiels,1.186994590286888,1.0918253659706771
C001494,1,Petits consommateurs,-1.9425759877377888,-0.7294290309543795
C001495,2,Clients résidentiels,-0.16244338289048524,0.6088695978230632
C001496,2,Clients résidentiels,0.515673440227833,1.1466417673934466
C001497,3,Clients potentiellement à risque,3.271388257112543,3.519569529500946
C001498,1,Petits consommateurs,-0.40714685547340806,-1.1683721020854854
C001499,1,Petits consommateurs,-1.322917737981333,-0.7736806524613568
C001500,0,Gros consommateurs,4.665956980076823,-2.7901624665165836
C001501,1,Petits consommateurs,-0.8289140846929768,0.16079361786680973
C001502,2,Clients résidentiels,1.2809812236114433,0.5261715545959893
C001503,1,Petits consommateurs,-1.908774411059707,-0.2723192375417603
C001504,2,Clients résidentiels,-0.21694241216511248,0.27743359823742025
C001505,2,Clients résidentiels,1.5924803049453644,1.1957401549006677
C001506,2,Clients résidentiels,0.11194386856860279,1.0080485417975351
C001507,1,Petits consommateurs,-2.1952742443569613,-0.43660817029460697
C001508,1,Petits consommateurs,-1.3059815076455599,-1.32245674900473
C001509,1,Petits consommateurs,-1.2043548312179848,-0.15931237046285313
C001510,2,Clients résidentiels,0.1895677699220821,1.2411816533326938
C001511,1,Petits consommateurs,-0.7571503486300345,-0.11825346371783484
C001512,1,Petits consommateurs,-0.9393665111302754,0.9083230788054688
C001513,1,Petits consommateurs,-0.6725555092678647,-0.4708342430420194
C001514,1,Petits consommateurs,-1.711587274697632,-0.34561600907313034
C001515,0,Gros consommateurs,4.653798095305809,-3.2515186492669472
C001516,2,Clients résidentiels,0.41126958911549305,1.1962022691945744
C001517,1,Petits consommateurs,-0.7318596824110025,0.3526248582267712
C001518,2,Clients résidentiels,1.3106821729812899,1.4777617598968324
C001519,2,Clients résidentiels,0.16020057788183645,0.4624616349115112
C001520,2,Clients résidentiels,0.6808982600246267,1.3004747859456034
C001521,1,Petits consommateurs,-1.5351196899664068,-0.4157766194467604
C001522,1,Petits consommateurs,-1.700384207889385,-0.7879306966348611
C001523,2,Clients résidentiels,-0.4165732152544679,0.6692977179854837
C001524,1,Petits consommateurs,-1.339611510910843,-1.6601377921976876
C001525,2,Clients résidentiels,1.5948529652178016,1.122717326043094
C001526,0,Gros consommateurs,4.318079837924889,-2.0006370653491254
C001527,2,Clients résidentiels,1.2084186325889767,0.7299649778459689
C001528,2,Clients résidentiels,1.4585286926905552,0.7173324865030011
C001529,1,Petits consommateurs,-1.4305883909483836,-0.5352064761256583
C001530,2,Clients résidentiels,1.1365054594999335,0.8844382679529007
C001531,1,Petits consommateurs,-1.72819401498338,-0.9128604014277941
C001532,2,Clients résidentiels,1.0223179294800897,0.9183996804224361
C001533,2,Clients résidentiels,0.34738289528273386,0.3314452022785734
C001534,1,Petits consommateurs,-2.2023486535997012,0.176806823204598
C001535,1,Petits consommateurs,-1.8339127964948467,-0.337366305856672
C001536,2,Clients résidentiels,0.481498225407309,0.3843798112130643
C001537,1,Petits consommateurs,-1.5399226340512133,-1.196880391050955
C001538,1,Petits consommateurs,-1.4709308400949668,-1.4816911939184108
C001539,2,Clients résidentiels,-0.3418511181055328,0.7154485007908523
C001540,2,Clients résidentiels,1.1767213061943085,1.6721052062574864
C001541,2,Clients résidentiels,-0.5352159975773575,0.686668347678485
C001542,1,Petits consommateurs,-0.5999757521445277,0.041977932634870437
C001543,1,Petits consommateurs,-1.747357632051118,-0.8920170367321625
C001544,1,Petits consommateurs,-1.8029655021147923,-0.31039666386695275
C001545,2,Clients résidentiels,0.41056993345362,0.30022175689880853
C001546,1,Petits consommateurs,-1.7412806930329396,-0.6217144264068885
C001547,0,Gros consommateurs,3.7769066096894335,-0.30335984996207876
C001548,1,Petits consommateurs,-1.2266992686073381,-0.467177145657491
C001549,1,Petits consommateurs,-1.77643989048659,-0.9859302593847449
C001550,1,Petits consommateurs,-1.5963299073845336,-1.1987101315848259
C001551,2,Clients résidentiels,0.5851936841028235,0.6239001955312322
C001552,0,Gros consommateurs,4.6127531696703565,-2.8346492668797096
C001553,2,Clients résidentiels,1.4235105097924297,1.627852539665726
C001554,2,Clients résidentiels,0.6495482209030319,0.4977733654163543
C001555,1,Petits consommateurs,-2.0641311512777825,0.2389058666351052
C001556,1,Petits consommateurs,-1.6923246296653691,-0.4234493120165829
C001557,2,Clients résidentiels,1.3592256685467512,1.3461333940670968
C001558,1,Petits consommateurs,-0.6014457497879513,-0.03600592256345175
C001559,1,Petits consommateurs,-2.100032014107806,0.49135643085801417
C001560,1,Petits consommateurs,-0.9284015247954795,-0.08371932932709913
C001561,1,Petits consommateurs,-1.3477259537824227,-1.4530856527905178
C001562,2,Clients résidentiels,0.35883220469558796,0.882604636546078
C001563,1,Petits consommateurs,-1.5354543936257394,-1.149603281592739
C001564,1,Petits consommateurs,-1.9918091898668333,0.09750874354261119
C001565,1,Petits consommateurs,-2.0301563683659247,-0.5100534977727456
C001566,2,Clients résidentiels,1.4363187274147995,0.8116741726115526
C001567,2,Clients résidentiels,0.6354913010590898,0.9921959307872619
C001568,2,Clients résidentiels,1.236347086480492,1.0133289104973502
C001569,2,Clients résidentiels,0.5960424439917615,1.2066404361122922
C001570,1,Petits consommateurs,-1.794588318026371,-0.82023622266887
C001571,2,Clients résidentiels,-0.43255489810859277,0.3693973671512568
C001572,2,Clients résidentiels,0.8260742230776272,1.3035263657516205
C001573,1,Petits consommateurs,-1.8883136748455933,-0.6467711400051588
C001574,1,Petits consommateurs,-1.7988827754530345,-1.1320953164810177
C001575,1,Petits consommateurs,-1.5527179978847936,0.2484240513459211
C001576,1,Petits consommateurs,-0.22623386564693707,-0.014092522896733857
C001577,1,Petits consommateurs,-1.8883991744253537,-0.17853442299624211
C001578,1,Petits consommateurs,-1.762657512443213,-0.45471364068117853
C001579,2,Clients résidentiels,-0.23676273591337454,0.8276667499425622
C001580,1,Petits consommateurs,-1.8460730138129755,-0.8320172957268593
C001581,0,Gros consommateurs,4.520703567301689,-2.340889644248321
C001582,1,Petits consommateurs,-1.9463896819697648,-0.3420256519659015
C001583,2,Clients résidentiels,0.48615546333367166,0.12868403032281972
C001584,1,Petits consommateurs,-0.8231616234484509,0.6648549211369029
C001585,1,Petits consommateurs,-1.7912082716515172,-0.5302537623865967
C001586,2,Clients résidentiels,-0.20891087536186634,0.6314337980284467
C001587,1,Petits consommateurs,-1.3723906115322975,-1.2924401348911532
C001588,2,Clients résidentiels,0.5484332962336772,0.5545945925982041
C001589,0,Gros consommateurs,3.5377117754320344,0.2086790149960717
C001590,0,Gros consommateurs,4.675311122269521,-2.9403577077358505
C001591,2,Clients résidentiels,-0.6112660479072982,0.8246279932388743
C001592,1,Petits consommateurs,-1.0804667261747376,0.10454659483889439
C001593,1,Petits consommateurs,-1.6150860409632026,-0.7861574259405377
C001594,2,Clients résidentiels,-0.2543979576334138,0.31400688295312085
C001595,0,Gros consommateurs,4.6064045858074,-3.0834818930082326
C001596,1,Petits consommateurs,-1.6837750655377606,-0.6520368958523695
C001597,2,Clients résidentiels,1.6130261894355415,1.271343569214036
C001598,1,Petits consommateurs,-1.522567347429394,-0.7644554820503231
C001599,1,Petits consommateurs,-2.154363707195204,-0.40746325146824974
C001600,0,Gros consommateurs,3.6356021092864137,0.1701983785488527
C001601,1,Petits consommateurs,-0.6705560341501013,0.5528278186686822
C001602,1,Petits consommateurs,-0.9286993701327957,-0.5614057730402904
C001603,2,Clients résidentiels,-0.3769849855387134,0.8787394786088683
C001604,1,Petits consommateurs,-0.9825432074768717,0.17593404752286596
C001605,1,Petits consommateurs,-0.4659626351927173,-0.7170252209251491
C001606,2,Clients résidentiels,1.2833054589322626,0.021520122413948295
C001607,2,Clients résidentiels,-0.42136987580779645,0.6152662780409685
C001608,2,Clients résidentiels,2.9006856783158876,1.2280331211169853
C001609,2,Clients résidentiels,0.1581861102447557,0.08527852558532606
C001610,1,Petits consommateurs,-1.514928581966667,-0.6858672709102053
C001611,1,Petits consommateurs,-1.55276595854974,0.2560503035492167
C001612,1,Petits consommateurs,-0.7582483262160611,0.16292654107610352
C001613,2,Clients résidentiels,1.4351187198828637,0.5402731264987334
C001614,2,Clients résidentiels,0.4270311845613918,0.3467963597686511
C001615,3,Clients potentiellement à risque,0.8686350073435062,3.738684052553542
C001616,2,Clients résidentiels,0.9032256672759582,1.0422923710339849
C001617,2,Clients résidentiels,1.2377435840552538,1.5250402003926888
C001618,2,Clients résidentiels,1.5218386570628342,0.9411389277041313
C001619,2,Clients résidentiels,2.5626380750931044,1.1359913538745487
C001620,3,Clients potentiellement à risque,-2.054362070355443,2.1173834352735095
C001621,1,Petits consommateurs,-1.7938846227975387,-0.06741632222597133
C001622,0,Gros consommateurs,4.363311388838446,-2.39273976940041
C001623,2,Clients résidentiels,0.24096784245198083,0.771534455042114
C001624,0,Gros consommateurs,4.498400709885877,-2.341690011752092
C001625,2,Clients résidentiels,-0.2796680220083574,0.4291799724994333
C001626,1,Petits consommateurs,-1.7863001795052695,-0.6985659014668594
C001627,2,Clients résidentiels,0.5797242800039861,1.3021494479914344
C001628,1,Petits consommateurs,-0.34057742923657064,0.19180158417884047
C001629,2,Clients résidentiels,1.2245215161536604,0.932625013331292
C001630,2,Clients résidentiels,0.3922798528889425,-0.3689609969358964
C001631,2,Clients résidentiels,3.3640123743757213,0.7131943550850254
C001632,2,Clients résidentiels,0.17833414138858214,1.3047595511854257
C001633,2,Clients résidentiels,0.5422298766870323,0.6122975516446127
C001634,1,Petits consommateurs,-1.6664721733721721,-0.6657171851482552
C001635,2,Clients résidentiels,0.25137217433473585,0.8304427812991628
C001636,2,Clients résidentiels,-0.14618968797729906,1.6168711727887601
C001637,0,Gros consommateurs,3.839217520470165,-0.5968771048690432
C001638,0,Gros consommateurs,3.9044734573753233,-0.7929612049210955
C001639,1,Petits consommateurs,-1.7749169922259311,-0.33058746353003293
C001640,1,Petits consommateurs,-1.7693383128353382,-0.6853096806835888
C001641,1,Petits consommateurs,-0.2975216398083554,0.038076629057188754
C001642,1,Petits consommateurs,-1.6099517218953443,-0.8459526302052395
C001643,1,Petits consommateurs,-1.4141203886750013,-1.551736939119652
C001644,2,Clients résidentiels,0.793676157882776,2.018274844475838
C001645,1,Petits consommateurs,-0.6385792212592664,-0.37489401210598683
C001646,0,Gros consommateurs,3.7257959324083703,0.25584497483469243
C001647,1,Petits consommateurs,-1.2047546849993702,-0.38035899469696016
C001648,2,Clients résidentiels,-0.18778372026951182,0.9322189323171114
C001649,1,Petits consommateurs,-1.6852625423032594,-1.0282055795867098
C001650,1,Petits consommateurs,-0.6573495592368424,-0.3812204490260815
C001651,1,Petits consommateurs,-0.8083447137842393,-0.027350906578884955
C001652,0,Gros consommateurs,3.364021109019067,0.09798708297207584
C001653,1,Petits consommateurs,-1.902160612819436,-0.5534376308590352
C001654,0,Gros consommateurs,3.611660554399226,0.6472879217171364
C001655,1,Petits consommateurs,-1.7823833627277894,-0.8459310931518527
C001656,1,Petits consommateurs,-1.020062575226906,-0.778865882117941
C001657,1,Petits consommateurs,-1.5747277427294115,-0.41258433572928266
C001658,2,Clients résidentiels,0.0905812563857823,0.32466642586316696
C001659,2,Clients résidentiels,1.26595422192733,1.2312961317508504
C001660,1,Petits consommateurs,-1.4215935526576053,-0.7908100791803159
C001661,1,Petits consommateurs,-1.666078321204472,-1.1245540092470196
C001662,1,Petits consommateurs,-1.9238155492765627,0.060402210312235534
C001663,1,Petits consommateurs,-1.756192074931002,-0.22155952330180873
C001664,2,Clients résidentiels,0.1250340038154764,-0.15279759373252014
C001665,0,Gros consommateurs,3.878378982503177,-0.6104909656565649
C001666,1,Petits consommateurs,-1.9302158128796907,-0.6983119209141897
C001667,1,Petits consommateurs,-0.5857623264409164,0.1158672520514329
C001668,1,Petits consommateurs,-1.609135632883186,-0.8382823827209418
C001669,1,Petits consommateurs,-1.805070557975185,-0.8382109840341081
C001670,1,Petits consommateurs,-1.7192094963717677,-0.9470912296411195
C001671,1,Petits consommateurs,-1.685809153111507,-0.363161208339445
C001672,1,Petits consommateurs,-2.003723093684039,-0.5028754755652498
C001673,1,Petits consommateurs,-1.7944989958637076,-0.14705017867262382
C001674,1,Petits consommateurs,-1.3736276332909196,-1.382216525226811
C001675,1,Petits consommateurs,-1.7341554669056443,-0.4193579021505839
C001676,0,Gros consommateurs,3.7573100420336183,0.09727860381728178
C001677,0,Gros consommateurs,4.653082866789867,-3.2786572482522627
C001678,0,Gros consommateurs,4.078257730470598,-1.4762831468720832
C001679,2,Clients résidentiels,0.3719224311359876,2.3487739163492156
C001680,1,Petits consommateurs,-2.0290625465188428,0.19424359393159552
C001681,1,Petits consommateurs,-1.424666199715622,-0.851992198599553
C001682,2,Clients résidentiels,1.3954970691984616,1.723268571072934
C001683,2,Clients résidentiels,1.144638349377057,2.28455306990123
C001684,1,Petits consommateurs,-1.805787334073881,-0.6496993681391607
C001685,2,Clients résidentiels,0.9287152144748784,0.8148792904073217
C001686,2,Clients résidentiels,3.2985431771932885,1.1427623427343956
C001687,1,Petits consommateurs,0.15307647671251343,-0.8702025549452267
C001688,0,Gros consommateurs,4.6723940367203,-2.5459150756487445
C001689,2,Clients résidentiels,-0.18148889783302447,0.523993580319097
C001690,1,Petits consommateurs,-1.8443327211936293,-0.7821451623301837
C001691,2,Clients résidentiels,2.9671688289596316,0.9524538692175354
C001692,1,Petits consommateurs,-1.678106209301591,-0.5491681358644955
C001693,0,Gros consommateurs,3.813261684918409,-0.43343685488222694
C001694,1,Petits consommateurs,-1.594192712114022,-1.2238660908616164
C001695,2,Clients résidentiels,1.0621464951800081,1.8169110989422586
C001696,2,Clients résidentiels,1.4740344408434949,0.8933738667573642
C001697,1,Petits consommateurs,-0.6294666269840197,0.2981789032964279
C001698,2,Clients résidentiels,-0.18935160906264897,0.17177444811228645
C001699,0,Gros consommateurs,4.323575701579907,-2.1215125530664154
C001700,2,Clients résidentiels,0.26808329821111204,-0.16371856901730097
C001701,1,Petits consommateurs,-1.331947276924885,-1.4219786314551628
C001702,2,Clients résidentiels,-0.4379910888321003,1.310377621410993
C001703,1,Petits consommateurs,-1.879871231987207,-0.5279104041720678
C001704,2,Clients résidentiels,0.7673924524991346,0.9153355878139354
C001705,1,Petits consommateurs,-0.8801134105466775,0.4576579438870182
C001706,0,Gros consommateurs,4.655943780853635,-3.1701028523110004
C001707,1,Petits consommateurs,-0.5268426580051822,0.10524302763538822
C001708,1,Petits consommateurs,-2.2062672951237587,0.06607185303891257
C001709,1,Petits consommateurs,-1.2171221707482947,-0.2518423382239675
C001710,1,Petits consommateurs,-0.5062283140537186,-0.08353645864520909
C001711,0,Gros consommateurs,4.691311618998341,-2.4234370711406488
C001712,2,Clients résidentiels,0.6874922867927765,-0.7038455368061444
C001713,1,Petits consommateurs,-1.1302658399670564,-0.7796951882201316
C001714,1,Petits consommateurs,-1.4628027297815942,0.33416547240939937
C001715,1,Petits consommateurs,-2.046079720967412,-0.32564129291216565
C001716,1,Petits consommateurs,-1.7230638983141016,-0.9488863180861359
C001717,1,Petits consommateurs,-0.14965999896332086,-0.650888050141177
C001718,2,Clients résidentiels,0.13335291799184165,0.272081661731233
C001719,2,Clients résidentiels,0.07117051525125608,0.6719577508986205
C001720,1,Petits consommateurs,-2.0900630482823574,0.005781338504239066
C001721,1,Petits consommateurs,-0.4138446393176569,-0.18654742385806522
C001722,3,Clients potentiellement à risque,0.859474672107909,4.555913329019383
C001723,0,Gros consommateurs,4.363800946891822,-2.308293719720473
C001724,2,Clients résidentiels,-0.19586683427087728,0.5817397645981744
C001725,2,Clients résidentiels,0.9109438531793398,2.0096788010968663
C001726,1,Petits consommateurs,-1.856566386064317,-0.7113523667240655
C001727,2,Clients résidentiels,0.14499146739004243,-0.10785939943393939
C001728,1,Petits consommateurs,-0.7808850860611375,0.10162495784007751
C001729,1,Petits consommateurs,-0.3349845721802963,0.14045998059156564
C001730,2,Clients résidentiels,-0.14158511295095452,0.858386783944132
C001731,1,Petits consommateurs,-1.7005595236808793,-0.4814403110053876
C001732,1,Petits consommateurs,-1.5963605856023584,-1.2134501689217612
C001733,1,Petits consommateurs,-1.6552199442005902,-0.7200843831879139
C001734,2,Clients résidentiels,-0.7011999873855237,0.6274094660455517
C001735,2,Clients résidentiels,0.7238131306530595,0.01231483295901297
C001736,2,Clients résidentiels,-0.5717640767292335,0.7073369195333173
C001737,1,Petits consommateurs,-1.3507832228957197,-1.6631876352206425
C001738,1,Petits consommateurs,-1.521227559886059,-0.6326174731114493
C001739,1,Petits consommateurs,-0.8009942579043691,-0.1444550763358955
C001740,1,Petits consommateurs,-0.9673705197501741,-0.7660305470677977
C001741,1,Petits consommateurs,-0.7721152240171429,-0.7988422467324288
C001742,1,Petits consommateurs,-1.810756554985102,-1.0166396157091404
C001743,1,Petits consommateurs,-1.80502444848652,0.9435213545589236
C001744,2,Clients résidentiels,0.8433670739739557,0.9725338283269352
C001745,1,Petits consommateurs,-1.9599305472750639,-0.11658587959200921
C001746,2,Clients résidentiels,1.621433322542886,-0.5401524306545025
C001747,0,Gros consommateurs,4.66524175156088,-2.817301065501899
C001748,0,Gros consommateurs,4.5130524411645245,-2.250581642343462
C001749,1,Petits consommateurs,-1.7229172909440622,-0.8718993226466972
C001750,1,Petits consommateurs,-2.2222458772843576,-0.3753889846603399
C001751,2,Clients résidentiels,0.7348727045278792,0.9190532169109241
C001752,1,Petits consommateurs,-1.857105395595789,-0.8532926726181171
C001753,2,Clients résidentiels,0.5700398192759729,0.789124873034684
C001754,2,Clients résidentiels,2.875017590394589,1.2367671409436956
C001755,0,Gros consommateurs,4.653798095305809,-3.2515186492669472
C001756,2,Clients résidentiels,-0.047413675654319615,-0.4392103493086391
C001757,0,Gros consommateurs,4.663811294528997,-2.8715782634725304
C001758,1,Petits consommateurs,-1.8665293605839939,0.017527057670607988
C001759,1,Petits consommateurs,-1.992617831495466,-0.015319796519195229
C001760,2,Clients résidentiels,-0.2943832625061019,0.189090272842906
C001761,1,Petits consommateurs,-1.825483893034658,-0.5388779954319213
C001762,1,Petits consommateurs,-1.4162022890897115,-0.07120414567832536
C001763,1,Petits consommateurs,-1.3517868596915987,-1.5650048345705085
C001764,1,Petits consommateurs,-2.118977016982801,0.18274644526562706
C001765,1,Petits consommateurs,-0.618564207548106,-0.8993552883546776
C001766,2,Clients résidentiels,0.9176640344882678,0.31729214628064306
C001767,2,Clients résidentiels,0.2701538237777484,0.658836396082289
C001768,1,Petits consommateurs,-1.6692704664036242,0.6633677274544043
C001769,0,Gros consommateurs,4.755530823825334,-1.6793110260671469
C001770,2,Clients résidentiels,0.8704590912481872,0.12056530573604425
C001771,2,Clients résidentiels,-0.10638030384957248,0.5601876438438487
C001772,1,Petits consommateurs,-1.952312921706366,-0.38963038515655124
C001773,1,Petits consommateurs,-2.061436561888362,-0.07555082168776163
C001774,1,Petits consommateurs,-2.0052478271657255,-0.2363406850817883
C001775,1,Petits consommateurs,-0.6694591914166591,-0.8530425013159537
C001776,2,Clients résidentiels,0.2798386215648378,-0.9353400283335446
C001777,1,Petits consommateurs,-1.8521263210037782,-0.086698965586778
C001778,2,Clients résidentiels,-0.25820059621272656,0.2663213320687674
C001779,2,Clients résidentiels,0.07868396323411449,0.5501876482941148
C001780,0,Gros consommateurs,4.655228552337693,-3.197241451296316
C001781,1,Petits consommateurs,-1.8880726695540044,-0.05493254490963128
C001782,1,Petits consommateurs,-1.6922571120955865,-1.1856027033321703
C001783,1,Petits consommateurs,-1.4777223337134526,-0.8793610469085891
C001784,1,Petits consommateurs,-1.7713693523499627,-0.35660406388720667
C001785,2,Clients résidentiels,0.670048750617984,0.793130638599327
C001786,2,Clients résidentiels,1.0120422807407874,0.9736091948614607
C001787,0,Gros consommateurs,4.653082866789867,-3.2786572482522627
C001788,2,Clients résidentiels,1.6633439534341488,1.1254926327269918
C001789,1,Petits consommateurs,-2.285312927886023,0.4855556974891976
C001790,2,Clients résidentiels,1.5075230994104913,1.2549470291967273
C001791,3,Clients potentiellement à risque,3.0392727186908446,3.6647987299719778
C001792,2,Clients résidentiels,0.23272104749252248,0.21709111287235566
C001793,2,Clients résidentiels,-0.39927282475764175,0.2899372280445567
C001794,1,Petits consommateurs,-2.0489047580043662,-0.4705477530576429
C001795,2,Clients résidentiels,-0.11355329231309885,0.6357933029954731
C001796,1,Petits consommateurs,-0.3912549845945835,-0.37376883038993985
C001797,2,Clients résidentiels,0.4060099782761813,1.0590195191262908
C001798,1,Petits consommateurs,-1.3754314512315438,-1.0275107728908621
C001799,2,Clients résidentiels,-0.815147063643979,1.1069334447922423
C001800,1,Petits consommateurs,-1.504325200875474,-1.0664227784984026
C001801,1,Petits consommateurs,-1.3048472329945915,0.6024492832894855
C001802,1,Petits consommateurs,-0.6277037738450246,-0.08689933057133652
C001803,2,Clients résidentiels,0.9778679985132988,0.8920096401131469
C001804,2,Clients résidentiels,0.6573086002979174,-0.23008677154059184
C001805,2,Clients résidentiels,-0.20393381960650042,1.1745452240825487
C001806,1,Petits consommateurs,-1.5830733809934723,-0.7830977656544598
C001807,1,Petits consommateurs,-1.77434315633181,-0.7716411900223835
C001808,2,Clients résidentiels,0.6410773917533379,1.188024200977124
C001809,1,Petits consommateurs,-1.1352226560628322,-0.7249037220199255
C001810,1,Petits consommateurs,-1.4333814941541547,-1.1335308940282731
C001811,0,Gros consommateurs,4.3471871722629025,-2.1068061460933047
C001812,0,Gros consommateurs,3.944414062749146,-0.9251647757494721
C001813,1,Petits consommateurs,-1.7275974758245065,-0.9390757029716394
C001814,1,Petits consommateurs,-1.8528989798329396,-0.26524671591631843
C001815,2,Clients résidentiels,1.1206232102849303,1.081228272123651
C001816,1,Petits consommateurs,-1.256426082545686,-1.6899110183921067
C001817,1,Petits consommateurs,-2.0578368876651614,-0.27218413331308783
C001818,1,Petits consommateurs,-1.7979020712436926,-0.45933159589553463
C001819,2,Clients résidentiels,3.3951673491425796,1.0263479293321183
C001820,2,Clients résidentiels,-0.49543110717233346,0.7517543929931023
C001821,2,Clients résidentiels,1.0968744330841416,1.6722646707136544
C001822,1,Petits consommateurs,-1.7863755846587932,-1.0330308269033213
C001823,2,Clients résidentiels,0.4586741060071348,0.8889289699920335
C001824,1,Petits consommateurs,-1.2369350291194823,-0.042877756740506506
C001825,1,Petits consommateurs,-1.5978159393838964,0.38705685647072213
C001826,2,Clients résidentiels,1.6642367309473578,0.1515541599708883
C001827,2,Clients résidentiels,3.1814620356085377,1.514924560895667
C001828,1,Petits consommateurs,-1.5044665279994238,-0.7625122185440707
C001829,2,Clients résidentiels,0.8251744907827672,0.5239598702632734
C001830,1,Petits consommateurs,-1.5305910045891336,-1.0211339183218455
C001831,0,Gros consommateurs,4.658089466401461,-3.088687055355054
C001832,2,Clients résidentiels,0.2206716440993382,0.6575968645022022
C001833,2,Clients résidentiels,0.6287236376738855,0.25330951392332185
C001834,2,Clients résidentiels,-0.06408614241717166,1.7856299521329946
C001835,2,Clients résidentiels,0.1089471847397541,0.8650796949445888
C001836,1,Petits consommateurs,-1.7791405825212387,-0.4451367646222566
C001837,2,Clients résidentiels,1.5187209231904686,1.523557144042573
C001838,2,Clients résidentiels,1.5629798471286545,1.1609694453537196
C001839,2,Clients résidentiels,0.6191300179486735,0.7530063157768182
C001840,1,Petits consommateurs,-2.2104731585391946,0.4651403541180565
C001841,1,Petits consommateurs,-2.0320340674785995,-0.2731088983632769
C001842,2,Clients résidentiels,0.4854135873295395,2.023106158696996
C001843,1,Petits consommateurs,-1.744687549655341,-1.3058793344426227
C001844,1,Petits consommateurs,-1.8328071181158976,-0.5105561391684711
C001845,1,Petits consommateurs,-2.161793878881447,0.2958641966202296
C001846,1,Petits consommateurs,-0.24308505305146638,0.18285882424608307
C001847,2,Clients résidentiels,2.9633575581256957,2.2373772117219666
C001848,2,Clients résidentiels,0.4425396964794273,1.9173772244364264
C001849,2,Clients résidentiels,1.4639938679744717,0.04832928624932711
C001850,2,Clients résidentiels,0.921715850824534,2.3833235264331942
C001851,2,Clients résidentiels,0.4549214745204657,0.7736814286227873
C001852,0,Gros consommateurs,4.101383975556512,-1.1540687482084258
C001853,0,Gros consommateurs,3.5641126613411855,0.25436298742480795
C001854,0,Gros consommateurs,4.654513323821751,-3.2243800502816313
C001855,2,Clients résidentiels,0.8828875169904511,0.7585232896893549
C001856,2,Clients résidentiels,0.29976047791087834,0.659019748077931
C001857,2,Clients résidentiels,0.08203355328017116,1.0921113370457969
C001858,1,Petits consommateurs,-1.3991703757038696,-0.9310817374185745
C001859,1,Petits consommateurs,-1.2497948393863203,0.5096510051929063
C001860,1,Petits consommateurs,-0.17127866986640047,-1.081623210364829
C001861,1,Petits consommateurs,-1.6629194876377316,-0.5154903658995922
C001862,1,Petits consommateurs,-1.691092021193348,-0.7569800528053114
C001863,1,Petits consommateurs,-2.01929046427224,-0.23738434886520102
C001864,2,Clients résidentiels,1.2149483170069209,-0.11603342560186251
C001865,0,Gros consommateurs,4.6723940367203,-2.5459150756487445
C001866,2,Clients résidentiels,0.33170729972768226,0.888645358028826
C001867,0,Gros consommateurs,4.599681736964103,-2.507030598525915
C001868,3,Clients potentiellement à risque,-1.3041099028600673,1.6047050322163097
C001869,2,Clients résidentiels,0.7853475736783132,0.5272134788817927
C001870,2,Clients résidentiels,1.0509910688545716,1.9773445273328074
C001871,2,Clients résidentiels,0.9342991563959853,1.2778598839299402
C001872,2,Clients résidentiels,3.5740802974282007,0.9072902167718769
C001873,1,Petits consommateurs,-2.086713503076641,-0.05525230218725384
C001874,1,Petits consommateurs,-1.6004725272545492,-1.3116828043520532
C001875,0,Gros consommateurs,3.9919890797354016,-1.3496150108052927
C001876,1,Petits consommateurs,-1.6376806710690874,-0.717739732314357
C001877,1,Petits consommateurs,-1.640216004403018,0.38834966697838974
C001878,2,Clients résidentiels,0.3041259561667797,-0.14591485024428916
C001879,2,Clients résidentiels,0.4549863022822169,-0.29112035899909505
C001880,1,Petits consommateurs,-1.665795295194483,-0.8856193424891166
C001881,0,Gros consommateurs,4.660950380465229,-2.9801326594137922
C001882,1,Petits consommateurs,-1.8053515744833544,-0.5533712886605925
C001883,2,Clients résidentiels,-0.3758662711232152,1.3003453813421002
C001884,1,Petits consommateurs,-0.68689187371701,-0.29557934666697977
C001885,1,Petits consommateurs,-1.6656668209117813,-0.8740276491671568
C001886,1,Petits consommateurs,-1.6606670609385767,-0.9460683025679065
C001887,1,Petits consommateurs,-1.2807206122159767,-1.6141654429224859
C001888,1,Petits consommateurs,-0.27468943421140835,-0.8876205984025672
C001889,2,Clients résidentiels,0.059607721384430844,-0.37274865904514404
C001890,1,Petits consommateurs,-1.795844937684106,-0.4918853251854769
C001891,2,Clients résidentiels,1.5331781425447566,1.0634808182931972
C001892,2,Clients résidentiels,1.4951905192558517,0.22158486966333765
C001893,1,Petits consommateurs,-0.5740172741305016,-0.044944945052177616
C001894,1,Petits consommateurs,-1.7999127081214927,-0.37397125157242544
C001895,1,Petits consommateurs,-1.635842036495225,-1.0437300065631343
C001896,2,Clients résidentiels,0.6226562240365862,0.3412870688813359
C001897,2,Clients résidentiels,0.21665326406198288,0.792142647906186
C001898,1,Petits consommateurs,-2.2519636679147617,-0.09852455357992762
C001899,1,Petits consommateurs,-0.4746926307196548,0.06811433398734468
C001900,1,Petits consommateurs,-1.4671403008223283,0.1732495332072316
C001901,2,Clients résidentiels,0.18159877114413564,1.1998847642498611
C001902,1,Petits consommateurs,-1.295129945226846,-1.2633711582130696
C001903,1,Petits consommateurs,-1.8420215173771823,-0.4629679569941041
C001904,1,Petits consommateurs,-0.9452062080348411,0.03061710203754901
C001905,2,Clients résidentiels,1.3678739239365323,-0.3506410474507173
C001906,2,Clients résidentiels,0.8233815947690925,1.190661668980178
C001907,1,Petits consommateurs,-1.3021091733698356,-0.865711888056095
C001908,1,Petits consommateurs,-1.7258068477156692,-0.906449042689478
C001909,2,Clients résidentiels,1.4919671365351805,1.2149849848217469
C001910,1,Petits consommateurs,-1.0079763493822536,0.17709788292192402
C001911,1,Petits consommateurs,-2.171327940366831,-0.07185260574321374
C001912,1,Petits consommateurs,-1.8812967535079996,-0.4080459351339038
C001913,2,Clients résidentiels,1.121241032751175,-0.23801382436717616
C001914,1,Petits consommateurs,-2.3394878747258088,-0.27061887702501525
C001915,1,Petits consommateurs,-1.8947085889911537,0.05849471746461469
C001916,3,Clients potentiellement à risque,-1.717822374908208,1.3242152843454669
C001917,1,Petits consommateurs,-1.8379040732488023,-0.7899406368838089
C001918,1,Petits consommateurs,-1.8053463212919494,-0.5549370379136527
C001919,2,Clients résidentiels,2.9619456027109394,2.1009122658803676
C001920,2,Clients résidentiels,1.391942444404564,1.2222603826624268
C001921,2,Clients résidentiels,1.496548718510961,0.4821059358575269
C001922,1,Petits consommateurs,-0.3589133952060604,-0.1060105981082959
C001923,2,Clients résidentiels,0.3088853530724093,-0.11786268311831893
C001924,1,Petits consommateurs,-1.515672510506425,-1.411907275679369
C001925,2,Clients résidentiels,0.47807877500322277,1.1076952456870819
C001926,1,Petits consommateurs,-1.6228502223561527,-0.9583941923468852
C001927,2,Clients résidentiels,0.5626462892954434,0.22507602683781291
C001928,1,Petits consommateurs,-1.9978921344178067,-0.08668747801513756
C001929,1,Petits consommateurs,-1.617975217561273,-0.17948154752678716
C001930,2,Clients résidentiels,0.33509594185332187,1.3309762432113283
C001931,2,Clients résidentiels,1.1638024851111772,0.3138758293727318
C001932,3,Clients potentiellement à risque,1.0635328463555667,5.189646495083307
C001933,0,Gros consommateurs,4.452826349800905,-2.2898994326692974
C001934,3,Clients potentiellement à risque,-1.5801224905611686,0.9434956920400641
C001935,3,Clients potentiellement à risque,2.5212095455845382,5.696727210880211
C001936,1,Petits consommateurs,-1.005613689074052,-0.14242739360504875
C001937,1,Petits consommateurs,-0.5986852043604044,-1.4550470320241398
C001938,3,Clients potentiellement à risque,3.1136434775418627,5.739388447570885
C001939,2,Clients résidentiels,1.1920539597134125,0.9683071607125877
C001940,1,Petits consommateurs,-0.24545963296137946,-0.39002618785929677
C001941,2,Clients résidentiels,0.7395287409505001,1.1720440197263255
C001942,2,Clients résidentiels,1.4040950019739897,0.7619932622260539
C001943,1,Petits consommateurs,-1.4837720786918958,-1.621094874754013
C001944,2,Clients résidentiels,1.1794015688344865,1.8044869693491319
C001945,0,Gros consommateurs,4.4325406937098535,-1.982392171208902
C001946,2,Clients résidentiels,0.9038475898663986,1.4920573373615438
C001947,2,Clients résidentiels,1.4393040833617088,2.4156075499797076
C001948,1,Petits consommateurs,-1.4553153248262316,-1.621092917177166
C001949,2,Clients résidentiels,0.9097030531947561,0.6898329957664814
C001950,0,Gros consommateurs,4.662380837497112,-2.9258554614431613
C001951,2,Clients résidentiels,0.5306180207658293,0.02354192197329248
C001952,1,Petits consommateurs,-1.6054635192114113,-0.9888513243759807
C001953,2,Clients résidentiels,0.2975671341057038,0.9343065290103394
C001954,2,Clients résidentiels,0.705413464171628,-0.45568347253633934
C001955,1,Petits consommateurs,-1.1429659992142227,-0.12678907947068063
C001956,2,Clients résidentiels,1.0794620136552333,2.1345777391032787
C001957,2,Clients résidentiels,3.183422700496038,2.0190820704731927
C001958,1,Petits consommateurs,-1.4004518376692001,-0.976693398351926
C001959,1,Petits consommateurs,-1.8485605688690308,-0.6371628375610507
C001960,2,Clients résidentiels,-0.019188157440638624,1.8234678664918138
C001961,0,Gros consommateurs,3.352825992528677,0.17439055085795738
C001962,1,Petits consommateurs,-1.7136026941338534,-0.761934135464988
C001963,1,Petits consommateurs,-0.5129388139678596,0.23072013003348155
C001964,1,Petits consommateurs,-1.4201938414302333,-1.5934551199021296
C001965,2,Clients résidentiels,0.676906109479582,0.11794338985219016
C001966,1,Petits consommateurs,-1.5427900271238488,-0.6757397326384718
C001967,2,Clients résidentiels,3.3112122530049763,0.9396207160687424
C001968,2,Clients résidentiels,0.17253863353823023,0.10357154118344962
C001969,1,Petits consommateurs,-0.17767299713873919,-0.20453566425992759
C001970,1,Petits consommateurs,-1.5433892421046986,-0.6699637618158054
C001971,1,Petits consommateurs,-1.5745376242663418,-1.4795118323349292
C001972,1,Petits consommateurs,-1.9271940866941455,-0.06336599266228506
C001973,2,Clients résidentiels,-0.26269482976333786,0.18183108545006196
C001974,1,Petits consommateurs,-1.508785558878296,-1.486673336277094
C001975,2,Clients résidentiels,-0.43959390638297263,0.46809415458728487
C001976,2,Clients résidentiels,0.004650329533322741,0.8213150510309822
C001977,0,Gros consommateurs,4.043177079835837,-1.2530156606277927
C001978,0,Gros consommateurs,4.668817894140591,-2.681608070575322
C001979,2,Clients résidentiels,0.30551624049986265,-0.7550423040207558
C001980,1,Petits consommateurs,-0.43180284049237366,-0.5801547039488263
C001981,1,Petits consommateurs,-1.7822703605211176,-0.9929417803189876
C001982,1,Petits consommateurs,-1.602781045319273,-0.5804188781229839
C001983,1,Petits consommateurs,-1.8503277838331427,-0.5710338832893206
C001984,1,Petits consommateurs,-2.044468772238413,0.06753856523230771
C001985,0,Gros consommateurs,4.665956980076823,-2.7901624665165836
C001986,2,Clients résidentiels,0.7688595954191523,-0.7151755471709774
C001987,1,Petits consommateurs,-1.9938452843810113,-0.21984407609086068
C001988,1,Petits consommateurs,-1.3249192043849458,-0.8443389462786139
C001989,1,Petits consommateurs,-1.5855148975254236,-1.2290995300618868
C001990,2,Clients résidentiels,0.5330001886361962,1.5965150511403634
C001991,1,Petits consommateurs,-2.1077133405742288,-0.5513244211430923
C001992,2,Clients résidentiels,0.3640853630455441,-0.04188985068140921
C001993,1,Petits consommateurs,-1.58150419119372,-0.8937569262044962
C001994,2,Clients résidentiels,0.44837137089170676,0.6112515828336595
C001995,1,Petits consommateurs,-1.7254878050467357,-0.505386314483135
C001996,1,Petits consommateurs,-1.7126731909607558,-0.2810844171469392
C001997,1,Petits consommateurs,-0.66844345870511,0.6333127490731847
C001998,1,Petits consommateurs,-0.6802735329947232,-0.2254524848184895
C001999,1,Petits consommateurs,-0.6911623525891041,0.09598507677000923
C002000,0,Gros consommateurs,4.529757679410552,-2.7542924910325093
C002001,0,Gros consommateurs,4.52984046984297,-2.388027811038906
C002002,2,Clients résidentiels,-0.5998428964161924,1.2599648673952015
C002003,2,Clients résidentiels,0.48698307144175873,0.48227494738027116
C002004,1,Petits consommateurs,-1.8223313775321042,-0.9020626293837365
C002005,0,Gros consommateurs,4.673824493752184,-2.4916378776781136
C002006,2,Clients résidentiels,0.9855343547267775,0.00211184879736538
C002007,2,Clients résidentiels,3.1928203168069524,1.3685769693423113
C002008,2,Clients résidentiels,0.850301450532084,1.4326687669161167
C002009,1,Petits consommateurs,-1.8291051281985249,-0.6714012862526687
C002010,2,Clients résidentiels,0.5918773630879924,1.609143557048782
C002011,2,Clients résidentiels,0.20042355714304955,-0.11181003379350096
C002012,2,Clients résidentiels,-0.23539204482648438,0.880689155313863
C002013,2,Clients résidentiels,0.04005465593008501,0.00843633939143997
C002014,1,Petits consommateurs,-1.9408559448261724,0.39277595891300465
C002015,3,Clients potentiellement à risque,0.12320745634365154,3.7094313958289153
C002016,2,Clients résidentiels,-0.9155272442123114,1.2251837469251605
C002017,0,Gros consommateurs,4.6666722085927645,-2.763023867531268
C002018,2,Clients résidentiels,0.9044745788460863,1.9055770446629825
C002019,1,Petits consommateurs,-1.8090975012869104,-0.1663292339946447
C002020,0,Gros consommateurs,3.96569818421973,-1.3140512834395652
C002021,1,Petits consommateurs,-1.8448389270722088,-0.49362112645588624
C002022,1,Petits consommateurs,-1.7567612346897745,-0.5599762682418973
C002023,1,Petits consommateurs,-1.507050978499274,-0.23873629976195512
C002024,3,Clients potentiellement à risque,3.353919573559819,5.01141362867247
C002025,1,Petits consommateurs,-1.3935383106908827,-1.6420375053014882
C002026,1,Petits consommateurs,-0.6128778553526761,-0.8972953153829543
